PDF Name,Original URL,Final URL,HTTP Status,Redirect Count,Reason,Content-Type,Page Title,Body Snippet
1007817 Business Plan Template.Docx,https://www.business.hsbc.uk/-/media/media/uk/pdfs/1007817-business-plan-template.docx,https://www.business.hsbc.uk/-/media/media/uk/pdfs/1007817-business-plan-template.docx,200,0,OK,application/vnd.openxmlformats-officedocument.wordprocessingml.document,,
1008189 Gps Case Study Pdf Rework S1 V14,https://www.business.hsbc.uk/-/media/media/uk/pdfs/article/1008189-gps-case-study-pdf-rework-s1-v14.pdf,https://www.business.hsbc.uk/en-gb,200,1,OK,text/html; charset=utf-8,Grow your business with HSBC Business Banking | HSBC UK,"window['pwsrefresh_currentSiteLanguage'] = 'en-GB'; Grow your business with HSBC Business Banking | HSBC UK .jsTITs{-webkit-align-self:stretch;-ms-flex-item-align:stretch;align-self:stretch;}/*!sc*/ .iwNDcP{left:0;position:absolute;}/*!sc*/ data-styled.g3[id=""Box-sc-qbwqq9-0""]{content:""jsTITs,iwNDcP"
240221 Annual Report And Accounts 2023,https://www.hsbc.com/-/files/hsbc/investors/hsbc-results/2023/annual/pdfs/hsbc-uk-bank-plc/240221-annual-report-and-accounts-2023.pdf,https://www.hsbc.com/-/files/hsbc/investors/hsbc-results/2023/annual/pdfs/hsbc-uk-bank-plc/240221-annual-report-and-accounts-2023.pdf,200,0,OK,application/pdf,,
8 Steps To Make Your Business More Inclusive And Diverse,https://www.business.hsbc.uk/-/media/media/uk/pdfs/campaigns/8-steps-to-make-your-business-more-inclusive-and-diverse.pdf,https://www.business.hsbc.uk/-/media/media/uk/pdfs/campaigns/8-steps-to-make-your-business-more-inclusive-and-diverse.pdf,200,0,OK,application/pdf,,
Adding A New User Profile For Rf,https://www.business.hsbc.uk/-/media/media/uk/pdfs/generic/gib-rf-iif/adding-a-new-user-profile-for-rf.pdf,https://www.business.hsbc.uk/-/media/media/uk/pdfs/generic/gib-rf-iif/adding-a-new-user-profile-for-rf.pdf,200,0,OK,application/pdf,,
Additional Partners Trustees Executors Administrators Of Deceased Estates,https://www.business.hsbc.uk/-/media/media/uk/pdfs/common/additional-partners-trustees-executors-administrators-of-deceased-estates.pdf,https://www.business.hsbc.uk/-/media/media/uk/pdfs/common/additional-partners-trustees-executors-administrators-of-deceased-estates.pdf,200,0,OK,application/pdf,,
Aged Debtor Report Template,https://www.business.hsbc.uk/-/media/media/uk/pdfs/generic/gib-rf-iif/aged-debtor-report-template.xlsx,https://www.business.hsbc.uk/-/media/media/uk/pdfs/generic/gib-rf-iif/aged-debtor-report-template.xlsx,200,0,OK,application/vnd.openxmlformats-officedocument.spreadsheetml.sheet,,
Ai Fraud Awareness Guide,https://www.business.hsbc.uk/-/media/media/uk/pdfs/ai-fraud-awareness-guide.pdf,https://www.business.hsbc.uk/-/media/media/uk/pdfs/ai-fraud-awareness-guide.pdf,200,0,OK,application/pdf,,
Apply For Seller Loan,https://www.business.hsbc.uk/-/media/media/uk/pdfs/solutions/apply-for-seller-loan.pdf,https://www.business.hsbc.uk/-/media/media/uk/pdfs/solutions/apply-for-seller-loan.pdf,200,0,OK,application/pdf,,
Applying To Borrow,https://www.business.hsbc.uk/-/media/media/uk/pdfs/campaigns/applying-to-borrow.pdf,https://www.business.hsbc.uk/-/media/media/uk/pdfs/campaigns/applying-to-borrow.pdf,200,0,OK,application/pdf,,
Asia Europe Corridor Outlook,https://www.business.hsbc.uk/-/media/media/uk/pdfs/article/asia-europe-corridor-outlook.pdf,https://www.business.hsbc.uk/notfound-404,200,2,SOFT_404_REDIRECT,text/html; charset=utf-8,Page not found,"window['pwsrefresh_currentSiteLanguage'] = 'en-GB'; Page not found .iZmknQ{font-family:UniversNext,Arial,sans-serif;margin:0;padding:0;text-align:left;font-size:16px;font-weight:400;line-height:normal;-webkit-letter-spacing:normal;-moz-letter-spacing:normal;-ms-letter-spacing:normal;letter-spacing:n"
Asset Based Lending Product Guide,https://www.business.hsbc.uk/-/media/media/uk/pdfs/products/asset-based-lending-product-guide.pdf,https://www.business.hsbc.uk/-/media/media/uk/pdfs/products/asset-based-lending-product-guide.pdf,200,0,OK,application/pdf,,
Asset Finance Product Guide 2024 Final,https://www.business.hsbc.uk/-/media/media/uk/pdfs/products/asset-finance-product-guide-2024-final.pdf,https://www.business.hsbc.uk/-/media/media/uk/pdfs/products/asset-finance-product-guide-2024-final.pdf,200,0,OK,application/pdf,,
Assignment Clauses,https://www.business.hsbc.uk/-/media/media/uk/pdfs/generic/gib-rf-iif/assignment-clauses.pdf,https://www.business.hsbc.uk/-/media/media/uk/pdfs/generic/gib-rf-iif/assignment-clauses.pdf,200,0,OK,application/pdf,,
Briefing Hsbc 2022 Ready To Respond,https://www.business.hsbc.uk/-/media/media/uk/pdfs/campaigns/briefing-hsbc-2022-ready-to-respond.pdf,https://www.business.hsbc.uk/-/media/media/uk/pdfs/campaigns/briefing-hsbc-2022-ready-to-respond.pdf,200,0,OK,application/pdf,,
Business Banking Price List,https://www.business.hsbc.uk/-/media/library/business-uk/pdfs/business-banking-price-list.pdf,https://www.business.hsbc.uk/-/media/media/uk/PDFs/regulations/business-price-list.pdf,200,1,OK,application/pdf,,
Business Banking Price List?Vid=01902Fa066E70007A79Ce0C791Fb0506F004506700Fb8&Sid=1724940732345&Bln=Ws,https://www.business.hsbc.uk/-/media/library/business-uk/pdfs/business-banking-price-list.pdf?vid=01902fa066e70007a79ce0c791fb0506f004506700fb8&sid=1724940732345&bln=ws,https://www.business.hsbc.uk/-/media/media/uk/PDFs/regulations/business-price-list.pdf,200,1,OK,application/pdf,,
Business Banking Terms And Conditions,https://www.business.hsbc.uk/-/media/media/uk/pdfs/regulations/business-banking-terms-and-conditions.pdf,https://www.business.hsbc.uk/-/media/media/uk/pdfs/regulations/business-banking-terms-and-conditions.pdf,200,0,OK,application/pdf,,
Business Banking Terms And Conditions,https://www.business.hsbc.uk/-/media/library/business-uk/pdfs/business-banking-terms-and-conditions.pdf,https://www.business.hsbc.uk/-/media/media/uk/PDFs/regulations/business-banking-terms-and-conditions.pdf,200,1,OK,application/pdf,,
Business Debit Card Factsheet 2,https://www.business.hsbc.uk/-/media/media/uk/pdfs/products/business-debit-card-factsheet-2.pdf,https://www.business.hsbc.uk/-/media/media/uk/pdfs/products/business-debit-card-factsheet-2.pdf,200,0,OK,application/pdf,,
Business Deposit Account,https://www.business.hsbc.uk/-/media/media/uk/pdfs/generic/business-deposit-account.pdf,https://www.business.hsbc.uk/-/media/media/uk/pdfs/generic/business-deposit-account.pdf,200,0,OK,application/pdf,,
Business Deposit Account Additional Conditions,https://www.business.hsbc.uk/-/media/library/business-uk/pdfs/business-deposit-account-additional-conditions.pdf,https://www.business.hsbc.uk/-/media/library/business-uk/pdfs/business-deposit-account-additional-conditions.pdf,200,0,OK,application/pdf,,
Business Deposit Account Summary Sheet,https://www.business.hsbc.uk/-/media/media/uk/pdfs/generic/business-deposit-account-summary-sheet.pdf,https://www.business.hsbc.uk/-/media/media/uk/pdfs/generic/business-deposit-account.pdf,200,1,OK,application/pdf,,
Business Deposit Card Application Form,https://www.business.hsbc.uk/-/media/media/uk/pdfs/solutions/business-deposit-card-application-form.pdf,https://www.business.hsbc.uk/-/media/media/uk/pdfs/solutions/business-deposit-card-application-form.pdf,200,0,OK,application/pdf,,
Business Deposit Card Application Form,https://www.business.hsbc.uk/en-gb/solutions/account-serviceshttps://www.business.hsbc.uk/-/media/media/uk/pdfs/solutions/business-deposit-card-application-form.pdf,https://www.business.hsbc.uk/notfound-404,200,1,SOFT_404_REDIRECT,text/html; charset=utf-8,Page not found,"window['pwsrefresh_currentSiteLanguage'] = 'en-GB'; Page not found .iZmknQ{font-family:UniversNext,Arial,sans-serif;margin:0;padding:0;text-align:left;font-size:16px;font-weight:400;line-height:normal;-webkit-letter-spacing:normal;-moz-letter-spacing:normal;-ms-letter-spacing:normal;letter-spacing:n"
Business Email Compromise Ceo Fraud Infographics,https://www.business.hsbc.uk/-/media/media/uk/pdfs/campaigns/business-email-compromise-ceo-fraud-infographics.pdf,https://www.business.hsbc.uk/-/media/media/uk/pdfs/campaigns/business-email-compromise-ceo-fraud-infographics.pdf,200,0,OK,application/pdf,,
Business Internet Banking Additional Conditions,https://www.business.hsbc.uk/-/media/media/uk/pdfs/regulations/business-internet-banking-additional-conditions.pdf,https://www.business.hsbc.uk/-/media/media/uk/pdfs/regulations/business-internet-banking-additional-conditions.pdf,200,0,OK,application/pdf,,
Business Internet Banking Additional Conditions,https://www.business.hsbc.uk/-/media/media/uk/pdfs/campaigns/business-internet-banking-additional-conditions.pdf,https://www.business.hsbc.uk/-/media/media/uk/PDFs/regulations/business-internet-banking-additional-conditions.pdf,200,2,OK,application/pdf,,
Business Internet Banking Additional Conditions 20201211,https://www.business.hsbc.uk/-/media/library/business-uk/pdfs/business-internet-banking-additional-conditions-20201211.pdf,https://www.business.hsbc.uk/-/media/media/uk/PDFs/regulations/business-internet-banking-additional-conditions.pdf,200,1,OK,application/pdf,,
Business Lending Appeal Form,https://www.business.hsbc.uk/-/media/library/business-uk/pdfs/business-lending-appeal-form.pdf,https://www.business.hsbc.uk/-/media/library/business-uk/pdfs/business-lending-appeal-form.pdf,200,0,OK,application/pdf,,
Business Loan Direct Debit Mandate,https://www.business.hsbc.uk/-/media/library/business-uk/pdfs/business-loan-direct-debit-mandate.pdf,https://www.business.hsbc.uk/-/media/library/business-uk/pdfs/business-loan-direct-debit-mandate.pdf,200,0,OK,application/pdf,,
Business Money Manager,https://www.business.hsbc.uk/-/media/media/uk/pdfs/regulations/business-money-manager.pdf,https://www.business.hsbc.uk/-/media/media/uk/pdfs/regulations/business-money-manager.pdf,200,0,OK,application/pdf,,
Business Money Manager Account Additional Conditions,https://www.business.hsbc.uk/-/media/library/business-uk/pdfs/self-services/business-money-manager-account-additional-conditions.pdf,https://www.business.hsbc.uk/notfound-404,200,2,SOFT_404_REDIRECT,text/html; charset=utf-8,Page not found,"window['pwsrefresh_currentSiteLanguage'] = 'en-GB'; Page not found .iZmknQ{font-family:UniversNext,Arial,sans-serif;margin:0;padding:0;text-align:left;font-size:16px;font-weight:400;line-height:normal;-webkit-letter-spacing:normal;-moz-letter-spacing:normal;-ms-letter-spacing:normal;letter-spacing:n"
Business Money Manager Account Summary Sheet,https://www.business.hsbc.uk/-/media/library/business-uk/pdfs/self-services/business-money-manager-account-summary-sheet.pdf,https://www.business.hsbc.uk/notfound-404,200,2,SOFT_404_REDIRECT,text/html; charset=utf-8,Page not found,"window['pwsrefresh_currentSiteLanguage'] = 'en-GB'; Page not found .iZmknQ{font-family:UniversNext,Arial,sans-serif;margin:0;padding:0;text-align:left;font-size:16px;font-weight:400;line-height:normal;-webkit-letter-spacing:normal;-moz-letter-spacing:normal;-ms-letter-spacing:normal;letter-spacing:n"
Business Money Manager Additional Conditions,https://www.business.hsbc.uk/-/media/media/uk/pdfs/products/business-money-manager-additional-conditions.pdf,https://www.business.hsbc.uk/-/media/library/business-uk/pdfs/business-money-manager-community-savings-account.pdf,200,1,OK,application/pdf,,
Business Money Manager Additional Conditions,https://www.business.hsbc.uk/-/media/library/business-uk/pdfs/self-services/business-money-manager-additional-conditions.pdf,https://www.business.hsbc.uk/en-gb,200,1,OK,text/html; charset=utf-8,Grow your business with HSBC Business Banking | HSBC UK,"window['pwsrefresh_currentSiteLanguage'] = 'en-GB'; Grow your business with HSBC Business Banking | HSBC UK .jsTITs{-webkit-align-self:stretch;-ms-flex-item-align:stretch;align-self:stretch;}/*!sc*/ .iwNDcP{left:0;position:absolute;}/*!sc*/ data-styled.g3[id=""Box-sc-qbwqq9-0""]{content:""jsTITs,iwNDcP"
Business Money Manager Community Savings Account,https://www.business.hsbc.uk/-/media/library/business-uk/pdfs/business-money-manager-community-savings-account.pdf,https://www.business.hsbc.uk/-/media/library/business-uk/pdfs/business-money-manager-community-savings-account.pdf,200,0,OK,application/pdf,,
Business Money Manager Summary Sheet,https://www.business.hsbc.uk/-/media/library/business-uk/pdfs/business-money-manager-summary-sheet.pdf,https://www.business.hsbc.uk/-/media/media/uk/pdfs/regulations/business-money-manager.pdf,200,1,OK,application/pdf,,
Business Money Market Account Additional Condition,https://www.business.hsbc.uk/-/media/media/uk/pdfs/business-money-market-account-additional-condition.pdf,https://www.business.hsbc.uk/-/media/media/uk/PDFs/hbuk-ftd-additional-conditions.pdf,200,1,OK,application/pdf,,
Business Money Market Account Additional Condition,https://www.business.hsbc.uk/-/media/library/business-uk/pdfs/business-money-market-account-additional-condition.pdf,https://www.business.hsbc.uk/-/media/media/uk/PDFs/hbuk-ftd-additional-conditions.pdf,200,2,OK,application/pdf,,
Business Money Market Account Summary,https://www.business.hsbc.uk/-/media/media/uk/pdfs/regulations/business-money-market-account-summary.pdf,https://www.business.hsbc.uk/-/media/media/uk/PDFs/hbuk-ftd-summary-box.pdf,200,1,OK,application/pdf,,
Business Notice Account Additional Conditions,https://www.business.hsbc.uk/-/media/media/uk/pdfs/regulations/business-notice-account-additional-conditions.pdf,https://www.business.hsbc.uk/-/media/media/uk/pdfs/regulations/business-notice-account-additional-conditions.pdf,200,0,OK,application/pdf,,
Business Plan Template.Docx,https://www.business.hsbc.uk/-/media/media/uk/pdfs/business-plan-template.docx,https://www.business.hsbc.uk/-/media/media/uk/pdfs/business-plan-template.docx,200,0,OK,application/vnd.openxmlformats-officedocument.wordprocessingml.document,,
Business Price List,https://www.business.hsbc.uk/-/media/media/uk/pdfs/regulations/business-price-list.pdf,https://www.business.hsbc.uk/-/media/media/uk/pdfs/regulations/business-price-list.pdf,200,0,OK,application/pdf,,
Business Telephone Banking Additional Conditions,https://www.business.hsbc.uk/-/media/media/uk/pdfs/regulations/business-telephone-banking-additional-conditions.pdf,https://www.business.hsbc.uk/-/media/media/uk/pdfs/regulations/business-telephone-banking-additional-conditions.pdf,200,0,OK,application/pdf,,
Business Telephone Banking Additional Conditions,https://www.business.hsbc.uk/-/media/library/business-uk/pdfs/business-telephone-banking-additional-conditions.pdf,https://www.business.hsbc.uk/-/media/media/uk/PDFs/regulations/business-telephone-banking-additional-conditions.pdf,200,1,OK,application/pdf,,
Capex Report 2024,https://www.business.hsbc.uk/-/media/media/uk/pdfs/campaigns/capex-report-2024.pdf,https://www.business.hsbc.uk/products/asset-finance,200,1,OK,text/html; charset=utf-8,Asset Finance | Commercial Banking | HSBC,"window['pwsrefresh_currentSiteLanguage'] = 'en-GB'; Asset Finance | Commercial Banking | HSBC .iwNDcP{left:0;position:absolute;}/*!sc*/ .jsTITs{-webkit-align-self:stretch;-ms-flex-item-align:stretch;align-self:stretch;}/*!sc*/ data-styled.g3[id=""Box-sc-qbwqq9-0""]{content:""iwNDcP,jsTITs,iiYTCe,""}/*!s"
Cashflow Tool,https://www.business.hsbc.uk/-/media/media/uk/pdfs/common/cashflow-tool.xlsx,https://www.business.hsbc.uk/-/media/media/uk/pdfs/common/cashflow-tool.xlsx,200,0,OK,application/vnd.openxmlformats-officedocument.spreadsheetml.sheet,,
Cashflow Tool.Xls,https://www.business.hsbc.uk/-/media/media/uk/pdfs/common/cashflow-tool.xls,https://www.business.hsbc.uk/-/media/media/uk/pdfs/common/cashflow-tool.xls,200,0,OK,application/vnd.openxmlformats-officedocument.spreadsheetml.sheet,,
Change Of Address Form,https://www.business.hsbc.uk/-/media/media/uk/pdfs/solutions/change-of-address-form.pdf,https://www.business.hsbc.uk/-/media/media/uk/pdfs/solutions/change-of-address-form.pdf,200,0,OK,application/pdf,,
Charity Trustees Guide 1,https://www.business.hsbc.uk/-/media/media/uk/pdfs/campaigns/charity-trustees-guide-1.pdf,https://www.business.hsbc.uk/-/media/media/uk/pdfs/campaigns/charity-trustees-guide-1.pdf,200,0,OK,application/pdf,,
Clean Electric Vol 6,https://www.business.hsbc.uk/-/media/media/uk/pdfs/campaigns/clean-electric-vol-6.pdf,https://www.business.hsbc.uk/-/media/media/uk/pdfs/campaigns/clean-electric-vol-6.pdf,200,0,OK,application/pdf,,
Client Account Additional Conditions,https://www.business.hsbc.uk/-/media/media/uk/pdfs/regulations/client-account-additional-conditions.pdf,https://www.business.hsbc.uk/-/media/media/uk/pdfs/regulations/client-account-additional-conditions.pdf,200,0,OK,application/pdf,,
Client Accounts Additional Conditions 102021,https://www.business.hsbc.uk/-/media/library/business-uk/pdfs/client-accounts-additional-conditions-102021.pdf,https://www.business.hsbc.uk/-/media/media/uk/PDFs/regulations/client-account-additional-conditions.pdf,200,1,OK,application/pdf,,
Client Factsheet,https://www.business.hsbc.uk/-/media/library/business-uk/pdfs/client-factsheet.pdf,https://www.business.hsbc.uk/-/media/library/business-uk/pdfs/client-factsheet.pdf,200,0,OK,application/pdf,,
Client Money Manager Application Form And Additional Conditions,https://www.business.hsbc.uk/-/media/library/business-uk/pdfs/client-money-manager-application-form-and-additional-conditions.pdf,https://www.business.hsbc.uk/-/media/library/business-uk/pdfs/client-money-manager-application-form-and-additional-conditions.pdf,200,0,OK,application/pdf,,
Clients Deposit Account,https://www.business.hsbc.uk/-/media/media/uk/pdfs/regulations/clients-deposit-account.pdf,https://www.business.hsbc.uk/-/media/media/uk/pdfs/regulations/clients-deposit-account.pdf,200,0,OK,application/pdf,,
Cmb Uk In Focus April 2024,https://www.business.hsbc.uk/-/media/media/uk/pdfs/cmb-uk-in-focus-april-2024.pdf,https://www.business.hsbc.uk/notfound-404,200,2,SOFT_404_REDIRECT,text/html; charset=utf-8,Page not found,"window['pwsrefresh_currentSiteLanguage'] = 'en-GB'; Page not found .iZmknQ{font-family:UniversNext,Arial,sans-serif;margin:0;padding:0;text-align:left;font-size:16px;font-weight:400;line-height:normal;-webkit-letter-spacing:normal;-moz-letter-spacing:normal;-ms-letter-spacing:normal;letter-spacing:n"
Cmblit202 02 Spending Paradox,https://www.business.hsbc.uk/-/media/media/uk/pdfs/common/cmblit202-02-spending-paradox.pdf,https://www.business.hsbc.uk/-/media/media/uk/pdfs/common/cmblit202-02-spending-paradox.pdf,200,0,OK,application/pdf,,
Cmblit206 02 Charities,https://www.business.hsbc.uk/-/media/media/uk/pdfs/common/cmblit206-02-charities.pdf,https://www.business.hsbc.uk/-/media/media/uk/pdfs/common/cmblit206-02-charities.pdf,200,0,OK,application/pdf,,
Collect Instruction,https://www.business.hsbc.uk/-/media/media/uk/pdfs/generic/gib-rf-iif/collect-instruction.pdf,https://www.business.hsbc.uk/-/media/media/uk/pdfs/generic/gib-rf-iif/collect-instruction.pdf,200,0,OK,application/pdf,,
Collection Form,https://www.business.hsbc.uk/-/media/media/uk/pdfs/generic/gib-rf-iif/collection-form.pdf,https://www.business.hsbc.uk/-/media/media/uk/pdfs/generic/gib-rf-iif/collection-form.pdf,200,0,OK,application/pdf,,
Commercial Card Agreement Terms,https://www.business.hsbc.uk/-/media/library/business-uk/pdfs/commercial-card-agreement-terms.pdf,https://www.business.hsbc.uk/-/media/library/business-uk/pdfs/commercial-card-agreement-terms.pdf,200,0,OK,application/pdf,,
Company Card Terms And Conditions,https://www.business.hsbc.uk/-/media/library/business-uk/pdfs/company-card-terms-and-conditions.pdf,https://www.business.hsbc.uk/-/media/library/business-uk/pdfs/company-card-terms-and-conditions.pdf,200,0,OK,application/pdf,,
Container.Aspx?Currentstep=Clientdetails&Currentworkflow=Standardb2C&Producttarget=Tradesman&Source=52806004&_Gl=1*2Le6Vt*_Gcl_Au*Mtczody2Odi4Ni4Xnzuwnjczodm2*_Ga*Nzuxotg3Oty5Lje3Ndi0Njmymtu.*_Ga_Rm6N9W0H53*Cze3Ntgyotgxodakbzyzjgcwjhqxnzu4Mjk4Mtgwjgo2Mcrsmcroma..&Utm_Source=Website&Utm_Medium=Website&Utm_Campaign=Hsbc+Public+Website+Tradesmen+Q%26B,https://secure.marshcommercial.co.uk/AWE/Container.aspx?CurrentStep=ClientDetails&CurrentWorkflow=StandardB2C&ProductTarget=Tradesman&Source=52806004&_gl=1*2le6vt*_gcl_au*MTczODY2ODI4Ni4xNzUwNjczODM2*_ga*NzUxOTg3OTY5LjE3NDI0NjMyMTU.*_ga_RM6N9W0H53*czE3NTgyOTgxODAkbzYzJGcwJHQxNzU4Mjk4MTgwJGo2MCRsMCRoMA..&utm_source=Website&utm_medium=website&utm_campaign=HSBC+public+website+tradesmen+Q%26B,https://secure.marshcommercial.co.uk/AWE/Container.aspx?CurrentStep=ClientDetails&CurrentWorkflow=StandardB2C&ProductTarget=Tradesman&Source=52806004&_gl=1*2le6vt*_gcl_au*MTczODY2ODI4Ni4xNzUwNjczODM2*_ga*NzUxOTg3OTY5LjE3NDI0NjMyMTU.*_ga_RM6N9W0H53*czE3NTgyOTgxODAkbzYzJGcwJHQxNzU4Mjk4MTgwJGo2MCRsMCRoMA..&utm_source=Website&utm_medium=website&utm_campaign=HSBC+public+website+tradesmen+Q%26B,200,0,OK,text/html; charset=utf-8,Your Details,"(function(w,d,s,l,i){w[l]=w[l]||[];w[l].push({'gtm.start': new Date().getTime(),event:'gtm.js'});var f=d.getElementsByTagName(s)[0], j=d.createElement(s),dl=l!='dataLayer'?'&l='+l:'';j.async=true;j.src= '//www.googletagmanager.com/gtm.js?id='+i+dl;f.parentNode.insertBefore(j,f); })(window,document,'"
Content.Aspx?Content=Hsbcriskassessment,http://www.privacyguard.co.uk/Content.aspx?content=HSBCriskassessment,https://www.privacyguard.co.uk:443/Content.aspx?content=HSBCriskassessment,200,1,OK,text/html; charset=utf-8,"Free credit report, credit score and credit check from PrivacyGuard UK","= VariantName=======> =PG_UK_CC BrandCode=========> =PG_UK_CC PackageId=========> =1012244 ProdDefId=========> =0 Region============> =en-GB --> Free credit report, credit score and credit check from PrivacyGuard UK jQuery(document).ready(function($) { $('.module.statistics').each(function(index, it"
Control Account Activity Report Id,https://www.business.hsbc.uk/-/media/media/uk/pdfs/generic/gib-rf-iif/control-account-activity-report-id.pdf,https://www.business.hsbc.uk/-/media/media/uk/pdfs/generic/gib-rf-iif/control-account-activity-report-id.pdf,200,0,OK,application/pdf,,
Control Account Activity Report Ids,https://www.business.hsbc.uk/-/media/media/uk/pdfs/generic/gib-rf-iif/control-account-activity-report-ids.pdf,https://www.business.hsbc.uk/-/media/media/uk/pdfs/generic/gib-rf-iif/control-account-activity-report-ids.pdf,200,0,OK,application/pdf,,
Corporate Card,https://www.business.hsbc.uk/-/media/library/business-uk/pdfs/corporate-card.pdf,https://www.business.hsbc.uk/-/media/library/business-uk/pdfs/corporate-card.pdf,200,0,OK,application/pdf,,
Corporate Card Conditions Of Use,https://www.business.hsbc.uk/-/media/media/uk/pdfs/products/corporate-card-conditions-of-use.pdf,https://www.business.hsbc.uk/-/media/media/uk/pdfs/products/corporate-card-conditions-of-use.pdf,200,0,OK,application/pdf,,
Corporate Card Privacy Notice,https://www.business.hsbc.uk/-/media/media/uk/pdfs/products/corporate-card-privacy-notice.pdf,https://www.business.hsbc.uk/-/media/media/uk/pdfs/products/corporate-card-privacy-notice.pdf,200,0,OK,application/pdf,,
Country Groupings,https://www.business.hsbc.uk/-/media/media/uk/pdfs/generic/gib-rf-iif/country-groupings.pdf,https://www.business.hsbc.uk/-/media/media/uk/pdfs/generic/gib-rf-iif/country-groupings.pdf,200,0,OK,application/pdf,,
Cpp Request,https://www.business.hsbc.uk/-/media/media/uk/pdfs/generic/gib-rf-iif/cpp-request.pdf,https://www.business.hsbc.uk/-/media/media/uk/pdfs/generic/gib-rf-iif/cpp-request.pdf,200,0,OK,application/pdf,,
Credit Protection Service,https://www.business.hsbc.uk/-/media/media/uk/pdfs/products/credit-protection-service.pdf,https://www.business.hsbc.uk/-/media/media/uk/pdfs/products/credit-protection-service.pdf,200,0,OK,application/pdf,,
Credit Protection Service,https://www.business.hsbc.uk/-/media/media/uk/pdfs/products/credit-protection-service.pdf?download=1,https://www.business.hsbc.uk/-/media/media/uk/pdfs/products/credit-protection-service.pdf?download=1,200,0,OK,application/pdf,,
Credit Protection Tc,https://www.business.hsbc.uk/-/media/media/uk/pdfs/products/credit-protection-tc.pdf,https://www.business.hsbc.uk/-/media/media/uk/pdfs/products/credit-protection-tc.pdf,200,0,OK,application/pdf,,
Credit Protection Tc,https://www.business.hsbc.uk/-/media/media/uk/pdfs/products/credit-protection-tc.pdf?download=1,https://www.business.hsbc.uk/-/media/media/uk/pdfs/products/credit-protection-tc.pdf?download=1,200,0,OK,application/pdf,,
Credit Protection User Guide For Invoice Discounting Clients,https://www.business.hsbc.uk/-/media/media/uk/pdfs/generic/gib-rf-iif/credit-protection-user-guide-for-invoice-discounting-clients.pdf,https://www.business.hsbc.uk/-/media/media/uk/pdfs/generic/gib-rf-iif/credit-protection-user-guide-for-invoice-discounting-clients.pdf,200,0,OK,application/pdf,,
Customer Documentation Guide 12Dec19,https://www.business.hsbc.uk/-/media/media/uk/pdfs/campaigns/customer-documentation-guide-12dec19.pdf,https://www.business.hsbc.uk/-/media/media/uk/pdfs/campaigns/customer-documentation-guide-12dec19.pdf,200,0,OK,application/pdf,,
Customer Documentation Guide 12Dec19,https://www.business.hsbc.uk/-/media/library/business-uk/pdfs/customer-documentation-guide-12dec19.pdf,https://www.business.hsbc.uk/-/media/media/uk/pdfs/campaigns/customer-documentation-guide-12dec19.pdf,200,1,OK,application/pdf,,
Debt Purchase Tc,https://www.business.hsbc.uk/-/media/media/uk/pdfs/products/debt-purchase-tc.pdf,https://www.business.hsbc.uk/-/media/media/uk/pdfs/products/debt-purchase-tc.pdf,200,0,OK,application/pdf,,
Debt Purchase Tc,https://www.business.hsbc.uk/-/media/media/uk/pdfs/products/debt-purchase-tc.pdf?download=1,https://www.business.hsbc.uk/-/media/media/uk/pdfs/products/debt-purchase-tc.pdf?download=1,200,0,OK,application/pdf,,
Demand Guarantees And Sblc Mar 22 Ac59191,https://www.business.hsbc.uk/-/media/media/uk/pdfs/products/demand-guarantees-and-sblc-mar-22-ac59191.pdf,https://www.business.hsbc.uk/-/media/media/uk/pdfs/products/demand-guarantees-and-sblc-mar-22-ac59191.pdf,200,0,OK,application/pdf,,
Digital Wallet For Commercial Card Additional Conditions,https://www.business.hsbc.uk/-/media/media/uk/pdfs/digital-wallet-for-commercial-card-additional-conditions.pdf?download=1,https://www.business.hsbc.uk/-/media/media/uk/pdfs/digital-wallet-for-commercial-card-additional-conditions.pdf?download=1,200,0,OK,application/pdf,,
Digital Wallet For Commercial Card Hbuk Hsb Cmblit355 Wa,https://www.business.hsbc.uk/-/media/media/uk/pdfs/solutions/digital-wallet-for-commercial-card-hbuk-hsb-cmblit355-wa.pdf,https://www.business.hsbc.uk/-/media/media/uk/pdfs/solutions/digital-wallet-for-commercial-card-hbuk-hsb-cmblit355-wa.pdf,200,0,OK,application/pdf,,
Digital Wallet For Company Card Additional Conditions,https://www.business.hsbc.uk/-/media/media/uk/pdfs/article/digital-wallet-for-company-card-additional-conditions.pdf?download=1,https://www.business.hsbc.uk/-/media/media/uk/pdfs/article/digital-wallet-for-company-card-additional-conditions.pdf?download=1,200,0,OK,application/pdf,,
Digital Wallet For Company Card Hbuk Hsb Cmblit356 Wa,https://www.business.hsbc.uk/-/media/media/uk/pdfs/solutions/digital-wallet-for-company-card-hbuk-hsb-cmblit356-wa.pdf,https://www.business.hsbc.uk/-/media/media/uk/pdfs/solutions/digital-wallet-for-company-card-hbuk-hsb-cmblit356-wa.pdf,200,0,OK,application/pdf,,
Doc Lc Application Form,https://www.business.hsbc.uk/-/media/media/uk/pdfs/solutions/doc-lc-application-form.pdf,https://www.business.hsbc.uk/-/media/media/uk/pdfs/solutions/doc-lc-application-form.pdf,200,0,OK,application/pdf,,
Documentary Collections,https://www.business.hsbc.uk/-/media/media/uk/pdfs/products/documentary-collections.pdf,https://www.business.hsbc.uk/-/media/media/uk/pdfs/products/documentary-collections.pdf,200,0,OK,application/pdf,,
Documentary Credit,https://www.business.hsbc.uk/-/media/media/uk/pdfs/solutions/documentary-credit.pdf,https://www.business.hsbc.uk/-/media/media/uk/pdfs/solutions/documentary-credit.pdf,200,0,OK,application/pdf,,
Dp270 Setup Business User Guide,https://www.business.hsbc.uk/-/media/media/uk/pdfs/campaigns/dp270-setup-business-user-guide.pdf,https://www.business.hsbc.uk/-/media/media/uk/pdfs/campaigns/dp270-setup-business-user-guide.pdf,200,0,OK,application/pdf,,
E Wallet For Corporate Cards Additional Conditions,https://www.business.hsbc.uk/-/media/media/uk/pdfs/article/e-wallet-for-corporate-cards-additional-conditions.pdf?download=1,https://www.business.hsbc.uk/-/media/media/uk/pdfs/article/e-wallet-for-corporate-cards-additional-conditions.pdf?download=1,200,0,OK,application/pdf,,
E Wallet For Hsbc Kinetic Credit Card Additional Conditions,https://www.business.hsbc.uk/-/media/media/uk/pdfs/article/e-wallet-for-hsbc-kinetic-credit-card-additional-conditions.pdf?download=1,https://www.business.hsbc.uk/-/media/media/uk/pdfs/article/e-wallet-for-hsbc-kinetic-credit-card-additional-conditions.pdf?download=1,200,0,OK,application/pdf,,
E Wallet For Hsbc Kinetic Credit Card Hsb Cmblit359 Wa,https://www.business.hsbc.uk/-/media/media/uk/pdfs/solutions/e-wallet-for-hsbc-kinetic-credit-card-hsb-cmblit359-wa.pdf,https://www.business.hsbc.uk/-/media/media/uk/pdfs/solutions/e-wallet-for-hsbc-kinetic-credit-card-hsb-cmblit359-wa.pdf,200,0,OK,application/pdf,,
E Wallet For Hsbc Kinetic Debit Card Additional Conditions,https://www.business.hsbc.uk/-/media/media/uk/pdfs/article/e-wallet-for-hsbc-kinetic-debit-card-additional-conditions.pdf?download=1,https://www.business.hsbc.uk/-/media/media/uk/pdfs/article/e-wallet-for-hsbc-kinetic-debit-card-additional-conditions.pdf?download=1,200,0,OK,application/pdf,,
E Wallet For Hsbc Kinetic Debit Cards Hsb Cmblit358 Wa,https://www.business.hsbc.uk/-/media/media/uk/pdfs/solutions/e-wallet-for-hsbc-kinetic-debit-cards-hsb-cmblit358-wa.pdf,https://www.business.hsbc.uk/-/media/media/uk/pdfs/solutions/e-wallet-for-hsbc-kinetic-debit-cards-hsb-cmblit358-wa.pdf,200,0,OK,application/pdf,,
Econ 101 Uk Inflation Explainer Cmbwl,https://www.business.hsbc.uk/-/media/media/uk/pdfs/campaigns/econ-101-uk-inflation-explainer-cmbwl.pdf,https://www.business.hsbc.uk/-/media/media/uk/pdfs/campaigns/econ-101-uk-inflation-explainer-cmbwl.pdf,200,0,OK,application/pdf,,
Econ 101 Uk Inflation Explainer Cmbwl Public,https://www.business.hsbc.uk/-/media/media/uk/pdfs/generic/econ-101-uk-inflation-explainer-cmbwl-public.pdf,https://www.business.hsbc.uk/notfound-404,200,2,SOFT_404_REDIRECT,text/html; charset=utf-8,Page not found,"window['pwsrefresh_currentSiteLanguage'] = 'en-GB'; Page not found .iZmknQ{font-family:UniversNext,Arial,sans-serif;margin:0;padding:0;text-align:left;font-size:16px;font-weight:400;line-height:normal;-webkit-letter-spacing:normal;-moz-letter-spacing:normal;-ms-letter-spacing:normal;letter-spacing:n"
Electronic Wallet For Business Debit Card Additional Conditions,https://www.business.hsbc.uk/-/media/media/uk/pdfs/article/electronic-wallet-for-business-debit-card-additional-conditions.pdf?download=1,https://www.business.hsbc.uk/-/media/media/uk/pdfs/article/electronic-wallet-for-business-debit-card-additional-conditions.pdf?download=1,200,0,OK,application/pdf,,
Electronic Wallet For Debit Cards Hbuk Hsb Cmblit357 Wa,https://www.business.hsbc.uk/-/media/media/uk/pdfs/solutions/electronic-wallet-for-debit-cards-hbuk-hsb-cmblit357-wa.pdf,https://www.business.hsbc.uk/-/media/media/uk/pdfs/solutions/electronic-wallet-for-debit-cards-hbuk-hsb-cmblit357-wa.pdf,200,0,OK,application/pdf,,
Export Finance,https://www.business.hsbc.uk/-/media/media/uk/pdfs/solutions/export-finance.pdf,https://www.business.hsbc.uk/-/media/media/uk/pdfs/solutions/export-finance.pdf,200,0,OK,application/pdf,,
Export Finance,https://www.business.hsbc.uk/-/media/media/uk/pdfs/products/export-finance.pdf,https://www.business.hsbc.uk/-/media/media/uk/pdfs/products/export-finance.pdf,200,0,OK,application/pdf,,
Faster Payments Factsheet For Commercial Banking,https://www.business.hsbc.uk/-/media/media/uk/pdfs/products/faster-payments-factsheet-for-commercial-banking.pdf,https://www.business.hsbc.uk/-/media/media/uk/pdfs/products/faster-payments-factsheet-for-commercial-banking.pdf,200,0,OK,application/pdf,,
Finance By Discount,https://www.business.hsbc.uk/-/media/media/uk/pdfs/generic/gib-rf-iif/finance-by-discount.pdf,https://www.business.hsbc.uk/-/media/media/uk/pdfs/generic/gib-rf-iif/finance-by-discount.pdf,200,0,OK,application/pdf,,
Fleet Breakdown Cover Terms And Conditions September 2019?Rev=61A16Da177Aa45Afbb07C2Fc6862Cbe6&Hash=D3D5Dca8F92655A62B1015D820B9D4F7,https://www.theaa.com/~/media/the-aa/pdf/business/breakdown/fleet-breakdown-cover-terms-and-conditions-september-2019.pdf?rev=61a16da177aa45afbb07c2fc6862cbe6&hash=D3D5DCA8F92655A62B1015D820B9D4F7,https://www.theaa.com/~/media/the-aa/pdf/business/breakdown/fleet-breakdown-cover-terms-and-conditions-september-2019.pdf?rev=61a16da177aa45afbb07c2fc6862cbe6&hash=D3D5DCA8F92655A62B1015D820B9D4F7,200,0,OK,application/pdf,,
Fleet Europe Terms And Conditions May 2018?La=En&Hash=Ca8D65Dab2A485E888D1Bc05E9575999,https://www.theaa.com/~/media/the-aa/pdf/business/breakdown/fleet-europe-terms-and-conditions-may-2018.pdf?la=en&hash=CA8D65DAB2A485E888D1BC05E9575999,https://www.theaa.com/~/media/the-aa/pdf/business/breakdown/fleet-europe-terms-and-conditions-may-2018.pdf?la=en&hash=CA8D65DAB2A485E888D1BC05E9575999,200,0,OK,application/pdf,,
Forwarding Of Payments Received Direct Form,https://www.business.hsbc.uk/-/media/media/uk/pdfs/generic/gib-rf-iif/forwarding-of-payments-received-direct-form.pdf,https://www.business.hsbc.uk/-/media/media/uk/pdfs/generic/gib-rf-iif/forwarding-of-payments-received-direct-form.pdf,200,0,OK,application/pdf,,
Fraud And Cyber Awareness App App Terms,https://www.business.hsbc.uk/-/media/media/uk/pdfs/campaigns/fraud-and-cyber-awareness-app-app-terms.pdf,https://www.business.hsbc.uk/-/media/media/uk/pdfs/campaigns/fraud-and-cyber-awareness-app-app-terms.pdf,200,0,OK,application/pdf,,
Fsb Toolkit,https://www.business.hsbc.uk/-/media/media/uk/pdfs/article/fsb-toolkit.pdf?download=1,https://www.business.hsbc.uk/-/media/media/uk/pdfs/article/fsb-toolkit.pdf?download=1,200,0,OK,application/pdf,,
Fscs Leaflet,https://www.business.hsbc.uk/-/media/media/uk/pdfs/generic/fscs-leaflet.pdf,https://www.business.hsbc.uk/-/media/media/uk/pdfs/generic/fscs-leaflet.pdf,200,0,OK,application/pdf,,
Fx Conversion Rates,https://www.business.hsbc.uk/-/media/media/uk/pdfs/generic/fx-conversion-rates.pdf,https://www.business.hsbc.uk/-/media/media/uk/pdfs/generic/fx-conversion-rates.pdf,200,0,OK,application/pdf,,
General Terms Conditions,https://www.business.hsbc.uk/-/media/media/uk/pdfs/products/general-terms-conditions.pdf,https://www.business.hsbc.uk/-/media/media/uk/pdfs/products/general-terms-conditions.pdf,200,0,OK,application/pdf,,
General Terms Conditions,https://www.business.hsbc.uk/-/media/media/uk/pdfs/products/general-terms-conditions.pdf?download=1,https://www.business.hsbc.uk/-/media/media/uk/pdfs/products/general-terms-conditions.pdf?download=1,200,0,OK,application/pdf,,
Glimpse Into The Future,https://www.business.hsbc.uk/-/media/media/uk/pdfs/campaigns/glimpse-into-the-future.pdf,https://www.business.hsbc.uk/-/media/media/uk/pdfs/campaigns/glimpse-into-the-future.pdf,200,0,OK,application/pdf,,
Global Funds Transfer,https://www.business.hsbc.uk/-/media/media/uk/pdfs/solutions/global-funds-transfer.pdf,https://www.business.hsbc.uk/-/media/media/uk/pdfs/solutions/global-funds-transfer.pdf,200,0,OK,application/pdf,,
Global Wallet Additional Conditions,https://www.business.hsbc.uk/-/media/library/business-uk/pdfs/global-wallet-additional-conditions.pdf,https://www.business.hsbc.uk/-/media/library/business-uk/pdfs/global-wallet-additional-conditions.pdf,200,0,OK,application/pdf,,
Go Greener Reward Terms,https://www.business.hsbc.uk/-/media/media/uk/pdfs/products/go-greener-reward-terms.pdf,https://www.business.hsbc.uk/-/media/media/uk/pdfs/products/go-greener-reward-terms.pdf,200,0,OK,application/pdf,,
Go Greener Sme Reward,https://www.business.hsbc.uk/-/media/media/uk/pdfs/products/go-greener-sme-reward.pdf,https://www.business.hsbc.uk/notfound-404,200,2,SOFT_404_REDIRECT,text/html; charset=utf-8,Page not found,"window['pwsrefresh_currentSiteLanguage'] = 'en-GB'; Page not found .iZmknQ{font-family:UniversNext,Arial,sans-serif;margin:0;padding:0;text-align:left;font-size:16px;font-weight:400;line-height:normal;-webkit-letter-spacing:normal;-moz-letter-spacing:normal;-ms-letter-spacing:normal;letter-spacing:n"
Go Greener Sme Reward Terms For Equipment Finance,https://www.business.hsbc.uk/-/media/media/uk/pdfs/products/go-greener-sme-reward-terms-for-equipment-finance.pdf,https://www.business.hsbc.uk/-/media/media/uk/pdfs/products/go-greener-sme-reward-terms-for-equipment-finance.pdf,200,0,OK,application/pdf,,
Going Global For Growth Report Latest,https://www.business.hsbc.uk/-/media/media/uk/pdfs/campaigns/going-global-for-growth-report-latest.pdf,https://www.business.hsbc.uk/-/media/media/uk/pdfs/campaigns/going-global-for-growth-report-latest.pdf,200,0,OK,application/pdf,,
Growing Impact Of Ai Report,https://www.business.hsbc.uk/-/media/media/uk/pdfs/article/growing-impact-of-ai-report.pdf,https://www.business.hsbc.uk/-/media/media/uk/pdfs/article/growing-impact-of-ai-report.pdf,200,0,OK,application/pdf,,
Growing Your Business Through Franchising,https://www.business.hsbc.uk/-/media/media/uk/pdfs/campaigns/growing-your-business-through-franchising.pdf,https://www.business.hsbc.uk/-/media/media/uk/pdfs/campaigns/growing-your-business-through-franchising.pdf,200,0,OK,application/pdf,,
Guarantee And Standby Letters Of Credit Wording,https://www.business.hsbc.uk/-/media/media/uk/pdfs/products/guarantee-and-standby-letters-of-credit-wording.pdf,https://www.business.hsbc.uk/-/media/media/uk/pdfs/products/guarantee-and-standby-letters-of-credit-wording.pdf,200,0,OK,application/pdf,,
Guide To Payment Instructions Dec25,https://www.business.hsbc.uk/-/media/media/uk/pdfs/regulations/guide-to-payment-instructions-dec25.pdf,https://www.business.hsbc.uk/-/media/media/uk/pdfs/regulations/guide-to-payment-instructions-dec25.pdf,200,0,OK,application/pdf,,
Guide To Protecting Your Business From Payment Fraud,https://www.business.hsbc.uk/-/media/media/uk/pdfs/generic/guide-to-protecting-your-business-from-payment-fraud.pdf?download=1,https://www.business.hsbc.uk/-/media/media/uk/pdfs/generic/guide-to-protecting-your-business-from-payment-fraud.pdf?download=1,200,0,OK,application/pdf,,
Hbuk Ftd Additional Conditions,https://www.business.hsbc.uk/-/media/media/uk/pdfs/hbuk-ftd-additional-conditions.pdf,https://www.business.hsbc.uk/-/media/media/uk/pdfs/hbuk-ftd-additional-conditions.pdf,200,0,OK,application/pdf,,
Hbuk Ftd Summary Box,https://www.business.hsbc.uk/-/media/media/uk/pdfs/hbuk-ftd-summary-box.pdf,https://www.business.hsbc.uk/-/media/media/uk/pdfs/hbuk-ftd-summary-box.pdf,200,0,OK,application/pdf,,
Hmrc Factsheet Mar 22 Ac59191,https://www.business.hsbc.uk/-/media/media/uk/pdfs/products/hmrc-factsheet-mar-22-ac59191.pdf,https://www.business.hsbc.uk/-/media/media/uk/pdfs/products/hmrc-factsheet-mar-22-ac59191.pdf,200,0,OK,application/pdf,,
How Cutting Edge Technologies Are Disrupting Manufacting,https://www.business.hsbc.uk/-/media/media/uk/pdfs/campaigns/how-cutting-edge-technologies-are-disrupting-manufacting.pdf,https://www.business.hsbc.uk/-/media/media/uk/pdfs/campaigns/how-cutting-edge-technologies-are-disrupting-manufacting.pdf,200,0,OK,application/pdf,,
Hsb Bacs Factsheet,https://www.business.hsbc.uk/-/media/media/uk/pdfs/products/hsb-bacs-factsheet.pdf,https://www.business.hsbc.uk/-/media/media/uk/pdfs/products/hsb-bacs-factsheet.pdf,200,0,OK,application/pdf,,
Hsb Cmblit288 Wa,https://www.business.hsbc.uk/-/media/media/uk/pdfs/generic/hsb-cmblit288-wa.pdf,https://www.business.hsbc.uk/-/media/media/uk/pdfs/generic/hsb-cmblit288-wa.pdf,200,0,OK,application/pdf,,
Hsb Cmblit301 2 Wa Corporate Cards Conditions Of Use,https://www.business.hsbc.uk/-/media/media/uk/pdfs/solutions/hsb-cmblit301-2-wa-corporate-cards-conditions-of-use.pdf,https://www.business.hsbc.uk/-/media/media/uk/pdfs/solutions/hsb-cmblit301-2-wa-corporate-cards-conditions-of-use.pdf,200,0,OK,application/pdf,,
Hsb Cmblit374 01 Wa Corporate Cards Privacy Notice,https://www.business.hsbc.uk/-/media/media/uk/pdfs/solutions/hsb-cmblit374-01-wa-corporate-cards-privacy-notice.pdf,https://www.business.hsbc.uk/-/media/media/uk/pdfs/solutions/hsb-cmblit374-01-wa-corporate-cards-privacy-notice.pdf,200,0,OK,application/pdf,,
Hsbc Briefing Law Firm Strategy And Investment Survey 2025,https://www.business.hsbc.uk/-/media/media/uk/pdfs/campaigns/hsbc-briefing-law-firm-strategy-and-investment-survey-2025.pdf,https://www.business.hsbc.uk/-/media/media/uk/pdfs/campaigns/hsbc-briefing-law-firm-strategy-and-investment-survey-2025.pdf,200,0,OK,application/pdf,,
Hsbc Cm2622 Setup Business User Guide Nb V2,https://www.business.hsbc.uk/-/media/media/uk/pdfs/campaigns/hsbc-cm2622-setup-business-user-guide-nb-v2.pdf,https://www.business.hsbc.uk/-/media/media/uk/pdfs/campaigns/hsbc-cm2622-setup-business-user-guide-nb-v2.pdf,200,0,OK,application/pdf,,
Hsbc Cmb Payment Fraud And Scams,https://www.business.hsbc.uk/-/media/media/uk/pdfs/campaigns/hsbc-cmb-payment-fraud-and-scams.pdf,https://www.business.hsbc.uk/-/media/media/uk/pdfs/campaigns/hsbc-cmb-payment-fraud-and-scams.pdf,200,0,OK,application/pdf,,
Hsbc Commercial Card Factsheet,https://www.business.hsbc.uk/-/media/media/uk/pdfs/products/hsbc-commercial-card-factsheet.pdf,https://www.business.hsbc.uk/-/media/media/uk/pdfs/products/hsbc-commercial-card-factsheet.pdf,200,0,OK,application/pdf,,
Hsbc Corporate Card Factsheet,https://www.business.hsbc.uk/-/media/media/uk/pdfs/products/hsbc-corporate-card-factsheet.pdf,https://www.business.hsbc.uk/-/media/media/uk/pdfs/products/hsbc-corporate-card-factsheet.pdf,200,0,OK,application/pdf,,
Hsbc Corporate Cards,https://www.business.hsbc.uk/-/media/media/uk/pdfs/hsbc-corporate-cards.pdf,https://www.business.hsbc.uk/-/media/media/uk/pdfs/hsbc-corporate-cards.pdf,200,0,OK,application/pdf,,
Hsbc Current Account Switch Data Privacy Notice,https://www.business.hsbc.uk/-/media/media/uk/pdfs/products/hsbc-current-account-switch-data-privacy-notice.pdf,https://www.business.hsbc.uk/-/media/media/uk/pdfs/products/hsbc-current-account-switch-data-privacy-notice.pdf,200,0,OK,application/pdf,,
Hsbc Current Account Switch Guide,https://www.business.hsbc.uk/-/media/media/uk/pdfs/products/hsbc-current-account-switch-guide.pdf,https://www.business.hsbc.uk/-/media/media/uk/pdfs/products/hsbc-current-account-switch-guide.pdf,200,0,OK,application/pdf,,
Hsbc Deed Of Priority Property,https://www.business.hsbc.uk/-/media/media/uk/pdfs/campaigns/hsbc-deed-of-priority-property.pdf,https://www.business.hsbc.uk/-/media/media/uk/pdfs/campaigns/hsbc-deed-of-priority-property.pdf,200,0,OK,application/pdf,,
Hsbc Deed Of Priority Specific Asset,https://www.business.hsbc.uk/-/media/media/uk/pdfs/campaigns/hsbc-deed-of-priority-specific-asset.pdf,https://www.business.hsbc.uk/-/media/media/uk/pdfs/campaigns/hsbc-deed-of-priority-specific-asset.pdf,200,0,OK,application/pdf,,
Hsbc Deed Of Priority Unlimited Priority,https://www.business.hsbc.uk/-/media/media/uk/pdfs/campaigns/hsbc-deed-of-priority-unlimited-priority.pdf,https://www.business.hsbc.uk/-/media/media/uk/pdfs/campaigns/hsbc-deed-of-priority-unlimited-priority.pdf,200,0,OK,application/pdf,,
Hsbc E Channel Country Conditions Uk Micro Enterprises,https://www.business.hsbc.uk/-/media/library/business-uk/pdfs/hsbc-e-channel-country-conditions-uk-micro-enterprises.pdf,https://www.business.hsbc.uk/-/media/library/business-uk/pdfs/hsbc-e-channel-country-conditions-uk-micro-enterprises.pdf,200,0,OK,application/pdf,,
Hsbc E Channel Country Conditions Uk Non Micro Enterprises,https://www.business.hsbc.uk/-/media/library/business-uk/pdfs/hsbc-e-channel-country-conditions-uk-non-micro-enterprises.pdf,https://www.business.hsbc.uk/-/media/library/business-uk/pdfs/hsbc-e-channel-country-conditions-uk-non-micro-enterprises.pdf,200,0,OK,application/pdf,,
Hsbc Eligible Green Criteria 2023 Final,https://www.business.hsbc.uk/-/media/media/uk/pdfs/campaigns/hsbc-eligible-green-criteria-2023-final.pdf,https://www.business.hsbc.uk/notfound-404,200,2,SOFT_404_REDIRECT,text/html; charset=utf-8,Page not found,"window['pwsrefresh_currentSiteLanguage'] = 'en-GB'; Page not found .iZmknQ{font-family:UniversNext,Arial,sans-serif;margin:0;padding:0;text-align:left;font-size:16px;font-weight:400;line-height:normal;-webkit-letter-spacing:normal;-moz-letter-spacing:normal;-ms-letter-spacing:normal;letter-spacing:n"
Hsbc Financing For Growth Report,https://www.business.hsbc.uk/-/media/media/uk/pdfs/campaigns/hsbc-financing-for-growth-report.pdf,https://www.business.hsbc.uk/-/media/media/uk/pdfs/campaigns/hsbc-financing-for-growth-report.pdf,200,0,OK,application/pdf,,
Hsbc Financing Growth Report,https://www.business.hsbc.uk/-/media/media/uk/pdfs/products/hsbc-financing-growth-report.pdf,https://www.business.hsbc.uk/-/media/media/uk/pdfs/products/hsbc-financing-growth-report.pdf,200,0,OK,application/pdf,,
Hsbc Gewr Uk Report,https://www.business.hsbc.uk/-/media/media/uk/pdfs/hsbc-gewr-uk-report.pdf,https://www.business.hsbc.uk/-/media/media/uk/pdfs/hsbc-gewr-uk-report.pdf,200,0,OK,application/pdf,,
Hsbc Global Private Banking The Global Entrepreneurial Wealth Report 2024,https://www.business.hsbc.uk/-/media/media/uk/pdfs/hsbc-global-private-banking-the-global-entrepreneurial-wealth-report-2024.pdf?download=1,https://www.business.hsbc.uk/notfound-404,200,2,SOFT_404_REDIRECT,text/html; charset=utf-8,Page not found,"window['pwsrefresh_currentSiteLanguage'] = 'en-GB'; Page not found .iZmknQ{font-family:UniversNext,Arial,sans-serif;margin:0;padding:0;text-align:left;font-size:16px;font-weight:400;line-height:normal;-webkit-letter-spacing:normal;-moz-letter-spacing:normal;-ms-letter-spacing:normal;letter-spacing:n"
Hsbc Global Supply Chains Networks Of Tomorrow Uk,https://www.business.hsbc.uk/-/media/media/uk/pdfs/campaigns/hsbc-global-supply-chains-networks-of-tomorrow-uk.pdf,https://www.business.hsbc.uk/-/media/media/uk/pdfs/campaigns/hsbc-global-supply-chains-networks-of-tomorrow-uk.pdf,200,0,OK,application/pdf,,
Hsbc Global Wallet Factsheet June 2024,https://www.business.hsbc.uk/-/media/media/uk/pdfs/products/hsbc-global-wallet-factsheet-june-2024.pdf?download=1,https://www.business.hsbc.uk/-/media/media/uk/pdfs/products/hsbc-global-wallet-factsheet-june-2024.pdf?download=1,200,0,OK,application/pdf,,
Hsbc Open Payments,https://www.business.hsbc.uk/-/media/media/uk/pdfs/hsbc-open-payments.pdf,https://www.business.hsbc.uk/-/media/media/uk/pdfs/hsbc-open-payments.pdf,200,0,OK,application/pdf,,
Hsbc Open Payments Privacy Notice,https://www.business.hsbc.uk/-/media/media/uk/pdfs/solutions/hsbc-open-payments-privacy-notice.pdf,https://www.business.hsbc.uk/-/media/media/uk/pdfs/solutions/hsbc-open-payments-privacy-notice.pdf,200,0,OK,application/pdf,,
Hsbc Payment Fraud Awareness Guide,https://www.business.hsbc.uk/-/media/media/uk/pdfs/campaigns/hsbc-payment-fraud-awareness-guide.pdf,https://www.business.hsbc.uk/-/media/media/uk/pdfs/campaigns/hsbc-payment-fraud-awareness-guide.pdf,200,0,OK,application/pdf,,
Hsbc Pbb Corporate Clients Additional Conditions,https://www.business.hsbc.uk/-/media/library/business-uk/pdfs/hsbc-pbb-corporate-clients-additional-conditions.pdf,https://www.business.hsbc.uk/en-gb,200,1,OK,text/html; charset=utf-8,Grow your business with HSBC Business Banking | HSBC UK,"window['pwsrefresh_currentSiteLanguage'] = 'en-GB'; Grow your business with HSBC Business Banking | HSBC UK .jsTITs{-webkit-align-self:stretch;-ms-flex-item-align:stretch;align-self:stretch;}/*!sc*/ .iwNDcP{left:0;position:absolute;}/*!sc*/ data-styled.g3[id=""Box-sc-qbwqq9-0""]{content:""jsTITs,iwNDcP"
Hsbc Purchasing Card Factsheet,https://www.business.hsbc.uk/-/media/media/uk/pdfs/products/hsbc-purchasing-card-factsheet.pdf,https://www.business.hsbc.uk/-/media/media/uk/pdfs/products/hsbc-purchasing-card-factsheet.pdf,200,0,OK,application/pdf,,
Hsbc Receivables Finance Price List,https://www.business.hsbc.uk/-/media/media/uk/pdfs/generic/gib-rf-iif/hsbc-receivables-finance-price-list.pdf,https://www.business.hsbc.uk/-/media/media/uk/pdfs/generic/gib-rf-iif/hsbc-receivables-finance-price-list.pdf,200,0,OK,application/pdf,,
Hsbc Score Country Conditions Uk,https://www.business.hsbc.uk/-/media/library/business-uk/pdfs/hsbc-score-country-conditions-uk.pdf,https://www.business.hsbc.uk/-/media/library/business-uk/pdfs/hsbc-score-country-conditions-uk.pdf,200,0,OK,application/pdf,,
Hsbc Starting A Franchise Guide,https://www.business.hsbc.uk/-/media/media/uk/pdfs/campaigns/hsbc-starting-a-franchise-guide.pdf,https://www.business.hsbc.uk/-/media/media/uk/pdfs/campaigns/hsbc-starting-a-franchise-guide.pdf,200,0,OK,application/pdf,,
Hsbc Trading Safely Guide,https://www.business.hsbc.uk/-/media/media/uk/pdfs/campaigns/hsbc-trading-safely-guide.pdf,https://www.business.hsbc.uk/-/media/media/uk/pdfs/campaigns/hsbc-trading-safely-guide.pdf,200,0,OK,application/pdf,,
Hsbc Uk Corporate Tracker Insights Paper,https://www.business.hsbc.uk/-/media/media/uk/pdfs/article/hsbc-uk-corporate-tracker-insights-paper.pdf,https://www.business.hsbc.uk/-/media/media/uk/pdfs/article/hsbc-uk-corporate-tracker-insights-paper.pdf,200,0,OK,application/pdf,,
Hsbc Uk Esg Directory,https://www.business.hsbc.uk/-/media/media/uk/pdfs/solutions/hsbc-uk-esg-directory.pdf,https://www.business.hsbc.uk/-/media/media/uk/pdfs/solutions/hsbc-uk-esg-directory.pdf,200,0,OK,application/pdf,,
Hsbc Uk Esg Directory?Audit,https://www.business.hsbc.uk/-/media/media/uk/pdfs/solutions/hsbc-uk-esg-directory.pdf?audit,https://www.business.hsbc.uk/-/media/media/uk/pdfs/solutions/hsbc-uk-esg-directory.pdf?audit,200,0,OK,application/pdf,,
Hsbc Uk Esg Directory?Disclosure,https://www.business.hsbc.uk/-/media/media/uk/pdfs/solutions/hsbc-uk-esg-directory.pdf?disclosure,https://www.business.hsbc.uk/-/media/media/uk/pdfs/solutions/hsbc-uk-esg-directory.pdf?disclosure,200,0,OK,application/pdf,,
Hsbc Uk Esg Directory?Geospatial,https://www.business.hsbc.uk/-/media/media/uk/pdfs/solutions/hsbc-uk-esg-directory.pdf?geospatial,https://www.business.hsbc.uk/-/media/media/uk/pdfs/solutions/hsbc-uk-esg-directory.pdf?geospatial,200,0,OK,application/pdf,,
Hsbc Uk Esg Directory?Header,https://www.business.hsbc.uk/-/media/media/uk/pdfs/solutions/hsbc-uk-esg-directory.pdf?header,https://www.business.hsbc.uk/-/media/media/uk/pdfs/solutions/hsbc-uk-esg-directory.pdf?header,200,0,OK,application/pdf,,
Hsbc Uk Esg Directory?Header=1,https://www.business.hsbc.uk/-/media/media/uk/pdfs/solutions/hsbc-uk-esg-directory.pdf?header=1,https://www.business.hsbc.uk/-/media/media/uk/pdfs/solutions/hsbc-uk-esg-directory.pdf?header=1,200,0,OK,application/pdf,,
Hsbc Uk Esg Directory?Link=Ag,https://www.business.hsbc.uk/-/media/media/uk/pdfs/solutions/hsbc-uk-esg-directory.pdf?link=ag,https://www.business.hsbc.uk/-/media/media/uk/pdfs/solutions/hsbc-uk-esg-directory.pdf?link=ag,200,0,OK,application/pdf,,
Hsbc Uk Esg Directory?Link=Carbon,https://www.business.hsbc.uk/-/media/media/uk/pdfs/solutions/hsbc-uk-esg-directory.pdf?link=carbon,https://www.business.hsbc.uk/-/media/media/uk/pdfs/solutions/hsbc-uk-esg-directory.pdf?link=carbon,200,0,OK,application/pdf,,
Hsbc Uk Esg Directory?Link=Footer,https://www.business.hsbc.uk/-/media/media/uk/pdfs/solutions/hsbc-uk-esg-directory.pdf?link=footer,https://www.business.hsbc.uk/-/media/media/uk/pdfs/solutions/hsbc-uk-esg-directory.pdf?link=footer,200,0,OK,application/pdf,,
Hsbc Uk Esg Directory?Link=Header,https://www.business.hsbc.uk/-/media/media/uk/pdfs/solutions/hsbc-uk-esg-directory.pdf?link=header,https://www.business.hsbc.uk/-/media/media/uk/pdfs/solutions/hsbc-uk-esg-directory.pdf?link=header,200,0,OK,application/pdf,,
Hsbc Uk Esg Directory?Link=Supply,https://www.business.hsbc.uk/-/media/media/uk/pdfs/solutions/hsbc-uk-esg-directory.pdf?link=supply,https://www.business.hsbc.uk/-/media/media/uk/pdfs/solutions/hsbc-uk-esg-directory.pdf?link=supply,200,0,OK,application/pdf,,
Hsbc Uk Esg Directory?Strategy,https://www.business.hsbc.uk/-/media/media/uk/pdfs/solutions/hsbc-uk-esg-directory.pdf?strategy,https://www.business.hsbc.uk/-/media/media/uk/pdfs/solutions/hsbc-uk-esg-directory.pdf?strategy,200,0,OK,application/pdf,,
Hsbc Uk Esg Directory?Supply,https://www.business.hsbc.uk/-/media/media/uk/pdfs/solutions/hsbc-uk-esg-directory.pdf?supply,https://www.business.hsbc.uk/-/media/media/uk/pdfs/solutions/hsbc-uk-esg-directory.pdf?supply,200,0,OK,application/pdf,,
Hsbc Uk Forward Planning,https://www.business.hsbc.uk/-/media/media/uk/pdfs/campaigns/hsbc-uk-forward-planning.pdf,https://www.business.hsbc.uk/-/media/media/uk/pdfs/campaigns/hsbc-uk-forward-planning.pdf,200,0,OK,application/pdf,,
Hsbc Uk Forward Planning 2025,https://www.business.hsbc.uk/-/media/media/uk/pdfs/campaigns/hsbc-uk-forward-planning-2025.pdf,https://www.business.hsbc.uk/notfound-404,200,2,SOFT_404_REDIRECT,text/html; charset=utf-8,Page not found,"window['pwsrefresh_currentSiteLanguage'] = 'en-GB'; Page not found .iZmknQ{font-family:UniversNext,Arial,sans-serif;margin:0;padding:0;text-align:left;font-size:16px;font-weight:400;line-height:normal;-webkit-letter-spacing:normal;-moz-letter-spacing:normal;-ms-letter-spacing:normal;letter-spacing:n"
Hsbc Uk Small Business Brand Ambassador Competition Tcs,https://www.business.hsbc.uk/-/media/media/uk/pdfs/campaigns/hsbc-uk-small-business-brand-ambassador-competition-tcs.pdf,https://www.business.hsbc.uk/,200,1,OK,text/html; charset=utf-8,Grow your business with HSBC Business Banking | HSBC UK,"window['pwsrefresh_currentSiteLanguage'] = 'en-GB'; Grow your business with HSBC Business Banking | HSBC UK .jsTITs{-webkit-align-self:stretch;-ms-flex-item-align:stretch;align-self:stretch;}/*!sc*/ .iwNDcP{left:0;position:absolute;}/*!sc*/ data-styled.g3[id=""Box-sc-qbwqq9-0""]{content:""jsTITs,iwNDcP"
Hsbc Uk Tech Event Summary The Challenge Of Change,https://www.business.hsbc.uk/-/media/media/uk/pdfs/campaigns/hsbc-uk-tech-event-summary-the-challenge-of-change.pdf,https://www.business.hsbc.uk/-/media/media/uk/pdfs/campaigns/hsbc-uk-tech-event-summary-the-challenge-of-change.pdf,200,0,OK,application/pdf,,
Hsbc Uk Tech Event Summary Time To Accelerate,https://www.business.hsbc.uk/-/media/media/uk/pdfs/campaigns/hsbc-uk-tech-event-summary-time-to-accelerate.pdf,https://www.business.hsbc.uk/-/media/media/uk/pdfs/campaigns/hsbc-uk-tech-event-summary-time-to-accelerate.pdf,200,0,OK,application/pdf,,
Hsbc Uk Womens Business Growth Initiative Report,https://www.business.hsbc.uk/-/media/media/uk/pdfs/campaigns/hsbc-uk-womens-business-growth-initiative-report.pdf,https://www.business.hsbc.uk/-/media/media/uk/pdfs/campaigns/hsbc-uk-womens-business-growth-initiative-report.pdf,200,0,OK,application/pdf,,
Hsbc Virtual Card Factsheet,https://www.business.hsbc.uk/-/media/media/uk/pdfs/products/hsbc-virtual-card-factsheet.pdf,https://www.business.hsbc.uk/-/media/media/uk/pdfs/products/hsbc-virtual-card-factsheet.pdf,200,0,OK,application/pdf,,
Hsbcbusinessbanking Openbankingperformanceandavailabilityreport Q3 2025,https://www.business.hsbc.uk/-/media/media/uk/pdfs/hsbcbusinessbanking-openbankingperformanceandavailabilityreport-q3-2025.pdf,https://www.business.hsbc.uk/notfound-404,200,2,SOFT_404_REDIRECT,text/html; charset=utf-8,Page not found,"window['pwsrefresh_currentSiteLanguage'] = 'en-GB'; Page not found .iZmknQ{font-family:UniversNext,Arial,sans-serif;margin:0;padding:0;text-align:left;font-size:16px;font-weight:400;line-height:normal;-webkit-letter-spacing:normal;-moz-letter-spacing:normal;-ms-letter-spacing:normal;letter-spacing:n"
Hsbccorporatebanking Openbankingperformanceandavailabilityreport Q1 2025,https://www.business.hsbc.uk/-/media/media/uk/pdfs/hsbccorporatebanking-openbankingperformanceandavailabilityreport-q1-2025.pdf,https://www.business.hsbc.uk/notfound-404,200,3,SOFT_404_REDIRECT,text/html; charset=utf-8,Page not found,"window['pwsrefresh_currentSiteLanguage'] = 'en-GB'; Page not found .iZmknQ{font-family:UniversNext,Arial,sans-serif;margin:0;padding:0;text-align:left;font-size:16px;font-weight:400;line-height:normal;-webkit-letter-spacing:normal;-moz-letter-spacing:normal;-ms-letter-spacing:normal;letter-spacing:n"
Hsbccorporatebanking Openbankingperformanceandavailabilityreport Q3 2025,https://www.business.hsbc.uk/-/media/media/uk/pdfs/hsbccorporatebanking-openbankingperformanceandavailabilityreport-q3-2025.pdf,https://www.business.hsbc.uk/notfound-404,200,2,SOFT_404_REDIRECT,text/html; charset=utf-8,Page not found,"window['pwsrefresh_currentSiteLanguage'] = 'en-GB'; Page not found .iZmknQ{font-family:UniversNext,Arial,sans-serif;margin:0;padding:0;text-align:left;font-size:16px;font-weight:400;line-height:normal;-webkit-letter-spacing:normal;-moz-letter-spacing:normal;-ms-letter-spacing:normal;letter-spacing:n"
Hsbccorporatebanking Openbankingperformanceandavailabilityreport Q4 2024,https://www.business.hsbc.uk/-/media/media/uk/pdfs/hsbccorporatebanking-openbankingperformanceandavailabilityreport-q4-2024.pdf,https://www.business.hsbc.uk/notfound-404,200,2,SOFT_404_REDIRECT,text/html; charset=utf-8,Page not found,"window['pwsrefresh_currentSiteLanguage'] = 'en-GB'; Page not found .iZmknQ{font-family:UniversNext,Arial,sans-serif;margin:0;padding:0;text-align:left;font-size:16px;font-weight:400;line-height:normal;-webkit-letter-spacing:normal;-moz-letter-spacing:normal;-ms-letter-spacing:normal;letter-spacing:n"
Hsbckinetic Openbankingperformanceandavailabilityreport Q1 2025,https://www.business.hsbc.uk/-/media/media/uk/pdfs/hsbckinetic-openbankingperformanceandavailabilityreport-q1-2025.pdf,https://www.business.hsbc.uk/notfound-404,200,3,SOFT_404_REDIRECT,text/html; charset=utf-8,Page not found,"window['pwsrefresh_currentSiteLanguage'] = 'en-GB'; Page not found .iZmknQ{font-family:UniversNext,Arial,sans-serif;margin:0;padding:0;text-align:left;font-size:16px;font-weight:400;line-height:normal;-webkit-letter-spacing:normal;-moz-letter-spacing:normal;-ms-letter-spacing:normal;letter-spacing:n"
Hsbckinetic Openbankingperformanceandavailabilityreport Q3 2025,https://www.business.hsbc.uk/-/media/media/uk/pdfs/hsbckinetic-openbankingperformanceandavailabilityreport-q3-2025.pdf,https://www.business.hsbc.uk/notfound-404,200,2,SOFT_404_REDIRECT,text/html; charset=utf-8,Page not found,"window['pwsrefresh_currentSiteLanguage'] = 'en-GB'; Page not found .iZmknQ{font-family:UniversNext,Arial,sans-serif;margin:0;padding:0;text-align:left;font-size:16px;font-weight:400;line-height:normal;-webkit-letter-spacing:normal;-moz-letter-spacing:normal;-ms-letter-spacing:normal;letter-spacing:n"
Hsbckinetic Openbankingperformanceandavailabilityreport Q4 2024,https://www.business.hsbc.uk/-/media/media/uk/pdfs/hsbckinetic-openbankingperformanceandavailabilityreport-q4-2024.pdf,https://www.business.hsbc.uk/notfound-404,200,2,SOFT_404_REDIRECT,text/html; charset=utf-8,Page not found,"window['pwsrefresh_currentSiteLanguage'] = 'en-GB'; Page not found .iZmknQ{font-family:UniversNext,Arial,sans-serif;margin:0;padding:0;text-align:left;font-size:16px;font-weight:400;line-height:normal;-webkit-letter-spacing:normal;-moz-letter-spacing:normal;-ms-letter-spacing:normal;letter-spacing:n"
Hsbcuk Account Closure Form,https://www.business.hsbc.uk/-/media/library/business-uk/pdfs/hsbcuk-account-closure-form.pdf,https://www.business.hsbc.uk/-/media/library/business-uk/pdfs/hsbcuk-account-closure-form.pdf,200,0,OK,application/pdf,,
Id With Digital Connection Compatible Packages,https://www.business.hsbc.uk/-/media/media/uk/pdfs/generic/gib-rf-iif/id-with-digital-connection-compatible-packages.pdf,https://www.business.hsbc.uk/-/media/media/uk/pdfs/generic/gib-rf-iif/id-with-digital-connection-compatible-packages.pdf,200,0,OK,application/pdf,,
Id With Digital Connection Faqs,https://www.business.hsbc.uk/-/media/media/uk/pdfs/generic/gib-rf-iif/id-with-digital-connection-faqs.pdf,https://www.business.hsbc.uk/-/media/media/uk/pdfs/generic/gib-rf-iif/id-with-digital-connection-faqs.pdf,200,0,OK,application/pdf,,
Ids Reconciliation Difference Guide,https://www.business.hsbc.uk/-/media/media/uk/pdfs/generic/gib-rf-iif/ids-reconciliation-difference-guide.pdf,https://www.business.hsbc.uk/-/media/media/uk/pdfs/generic/gib-rf-iif/ids-reconciliation-difference-guide.pdf,200,0,OK,application/pdf,,
Import Finance,https://www.business.hsbc.uk/-/media/media/uk/pdfs/products/import-finance.pdf,https://www.business.hsbc.uk/-/media/media/uk/pdfs/products/import-finance.pdf,200,0,OK,application/pdf,,
Instant Advice,https://www.business.hsbc.uk/-/media/media/uk/pdfs/solutions/instant-advice.pdf?download=1,https://www.business.hsbc.uk/-/media/media/uk/pdfs/solutions/instant-advice.pdf?download=1,200,0,OK,application/pdf,,
Instant Advice,https://www.business.hsbc.uk/-/media/media/uk/pdfs/solutions/instant-advice.pdf,https://www.business.hsbc.uk/-/media/media/uk/pdfs/solutions/instant-advice.pdf,200,0,OK,application/pdf,,
Instruction For Collection Faqs,https://www.business.hsbc.uk/-/media/media/uk/pdfs/generic/gib-rf-iif/instruction-for-collection-faqs.pdf,https://www.business.hsbc.uk/-/media/media/uk/pdfs/generic/gib-rf-iif/instruction-for-collection-faqs.pdf,200,0,OK,application/pdf,,
International Business Instant Access Savings Account Summary Box,https://www.business.hsbc.uk/-/media/media/uk/pdfs/generic/international-business-instant-access-savings-account-summary-box.pdf,https://www.business.hsbc.uk/-/media/media/uk/pdfs/generic/international-business-instant-access-savings-account-summary-box.pdf,200,0,OK,application/pdf,,
International Fixed Term Deposit Additional Conditions,https://www.business.hsbc.uk/-/media/media/uk/pdfs/products/international-fixed-term-deposit-additional-conditions.pdf,https://www.business.hsbc.uk/-/media/media/uk/pdfs/products/international-fixed-term-deposit-additional-conditions.pdf,200,0,OK,application/pdf,,
International Fixed Term Deposit Summary Boxes,https://www.business.hsbc.uk/-/media/media/uk/pdfs/products/international-fixed-term-deposit-summary-boxes.pdf,https://www.business.hsbc.uk/-/media/media/uk/pdfs/products/international-fixed-term-deposit-summary-boxes.pdf,200,0,OK,application/pdf,,
International Fixed Term Deposits Additional Conditions Hbuk,https://www.business.hsbc.uk/-/media/library/business-uk/pdfs/international-fixed-term-deposits-additional-conditions-hbuk.pdf,https://www.business.hsbc.uk/-/media/library/business-uk/pdfs/international-fixed-term-deposits-additional-conditions-hbuk.pdf,200,0,OK,application/pdf,,
International Fixed Term Deposits Additional Conditions Hbuk.Pdf,https://www.business.hsbc.uk/-/media/library/business-uk/pdfs/international-fixed-term-deposits-additional-conditions-hbuk.PDF,https://www.business.hsbc.uk/-/media/library/business-uk/pdfs/international-fixed-term-deposits-additional-conditions-hbuk.PDF,200,0,OK,application/pdf,,
Intro Letter From Customer,https://www.business.hsbc.uk/-/media/media/uk/pdfs/generic/gib-rf-iif/intro-letter-from-customer.pdf,https://www.business.hsbc.uk/-/media/media/uk/pdfs/generic/gib-rf-iif/intro-letter-from-customer.pdf,200,0,OK,application/pdf,,
Invoice Discounting Brochure,https://www.business.hsbc.uk/-/media/media/uk/pdfs/products/invoice-discounting-brochure.pdf,https://www.business.hsbc.uk/-/media/media/uk/pdfs/products/invoice-discounting-brochure.pdf,200,0,OK,application/pdf,,
Invoice Discounting Smart Form,https://www.business.hsbc.uk/-/media/media/uk/pdfs/generic/gib-rf-iif/invoice-discounting-smart-form.pdf,https://www.business.hsbc.uk/-/media/media/uk/pdfs/generic/gib-rf-iif/invoice-discounting-smart-form.pdf,200,0,OK,application/pdf,,
Invoice Finance Guide,https://www.business.hsbc.uk/-/media/media/uk/pdfs/generic/gib-rf-iif/invoice-finance-guide.pdf,https://www.business.hsbc.uk/notfound-404,200,2,SOFT_404_REDIRECT,text/html; charset=utf-8,Page not found,"window['pwsrefresh_currentSiteLanguage'] = 'en-GB'; Page not found .iZmknQ{font-family:UniversNext,Arial,sans-serif;margin:0;padding:0;text-align:left;font-size:16px;font-weight:400;line-height:normal;-webkit-letter-spacing:normal;-moz-letter-spacing:normal;-ms-letter-spacing:normal;letter-spacing:n"
Invoice Finance Sales,https://www.business.hsbc.uk/-/media/media/uk/pdfs/products/invoice-finance-sales.pdf?download=1,https://www.business.hsbc.uk/notfound-404,200,2,SOFT_404_REDIRECT,text/html; charset=utf-8,Page not found,"window['pwsrefresh_currentSiteLanguage'] = 'en-GB'; Page not found .iZmknQ{font-family:UniversNext,Arial,sans-serif;margin:0;padding:0;text-align:left;font-size:16px;font-weight:400;line-height:normal;-webkit-letter-spacing:normal;-moz-letter-spacing:normal;-ms-letter-spacing:normal;letter-spacing:n"
Kinetic Business Banking Terms And Conditions,https://www.business.hsbc.uk/-/media/media/uk/pdfs/solutions/kinetic-business-banking-terms-and-conditions.pdf,https://www.business.hsbc.uk/-/media/media/uk/pdfs/solutions/kinetic-business-banking-terms-and-conditions.pdf,200,0,OK,application/pdf,,
Kinetic Savings Account Extra Terms,https://www.business.hsbc.uk/-/media/media/uk/pdfs/solutions/kinetic-savings-account-extra-terms.pdf,https://www.business.hsbc.uk/-/media/media/uk/pdfs/solutions/kinetic-savings-account-extra-terms.pdf,200,0,OK,application/pdf,,
Lending Terms And Conditions,https://www.business.hsbc.uk/-/media/library/business-uk/pdfs/lending-terms-and-conditions.pdf,https://www.business.hsbc.uk/-/media/library/business-uk/pdfs/lending-terms-and-conditions.pdf,200,0,OK,application/pdf,,
Managing Money With Dementia,https://www.hsbc.co.uk/content/dam/hsbc/gb/pdf/help-and-support/managing-money-with-dementia.pdf,https://www.hsbc.co.uk/content/dam/hsbc/gb/pdf/help-and-support/managing-money-with-dementia.pdf,200,0,OK,application/pdf,,
Managing Service Guide,https://www.business.hsbc.uk/-/media/media/uk/pdfs/campaigns/managing-service-guide.pdf,https://www.business.hsbc.uk/notfound-404,200,2,SOFT_404_REDIRECT,text/html; charset=utf-8,Page not found,"window['pwsrefresh_currentSiteLanguage'] = 'en-GB'; Page not found .iZmknQ{font-family:UniversNext,Arial,sans-serif;margin:0;padding:0;text-align:left;font-size:16px;font-weight:400;line-height:normal;-webkit-letter-spacing:normal;-moz-letter-spacing:normal;-ms-letter-spacing:normal;letter-spacing:n"
Mandate Continuation Sheet For Additional Accounts,https://www.business.hsbc.uk/-/media/media/uk/pdfs/common/mandate-continuation-sheet-for-additional-accounts.pdf,https://www.business.hsbc.uk/-/media/media/uk/pdfs/common/mandate-continuation-sheet-for-additional-accounts.pdf,200,0,OK,application/pdf,,
Mandate Continuation Sheet For Additional Signatories,https://www.business.hsbc.uk/-/media/media/uk/pdfs/common/mandate-continuation-sheet-for-additional-signatories.pdf,https://www.business.hsbc.uk/-/media/media/uk/pdfs/common/mandate-continuation-sheet-for-additional-signatories.pdf,200,0,OK,application/pdf,,
Mandate Continuation Sheet For Specific Signing Rules,https://www.business.hsbc.uk/-/media/media/uk/pdfs/common/mandate-continuation-sheet-for-specific-signing-rules.pdf,https://www.business.hsbc.uk/-/media/media/uk/pdfs/common/mandate-continuation-sheet-for-specific-signing-rules.pdf,200,0,OK,application/pdf,,
Mandate For General Organisations,https://www.business.hsbc.uk/-/media/media/uk/pdfs/common/mandate-for-general-organisations.pdf,https://www.business.hsbc.uk/-/media/media/uk/pdfs/common/mandate-for-general-organisations.pdf,200,0,OK,application/pdf,,
Mandate For General Partnerships And Limited Partnerships,https://www.business.hsbc.uk/-/media/media/uk/pdfs/common/mandate-for-general-partnerships-and-limited-partnerships.pdf,https://www.business.hsbc.uk/-/media/media/uk/pdfs/common/mandate-for-general-partnerships-and-limited-partnerships.pdf,200,0,OK,application/pdf,,
Mandate For Trustees Or For Executors And Administrators Of A Deceased Persons Estate,https://www.business.hsbc.uk/-/media/media/uk/pdfs/common/mandate-for-trustees-or-for-executors-and-administrators-of-a-deceased-persons-estate.pdf,https://www.business.hsbc.uk/-/media/media/uk/pdfs/common/mandate-for-trustees-or-for-executors-and-administrators-of-a-deceased-persons-estate.pdf,200,0,OK,application/pdf,,
Modern Banking Guide,https://www.business.hsbc.uk/-/media/media/uk/pdfs/campaigns/modern-banking-guide.pdf,https://www.business.hsbc.uk/-/media/media/uk/pdfs/campaigns/modern-banking-guide.pdf,200,0,OK,application/pdf,,
Muntons Sustainability Report 2020,https://www.muntons.com/wp-content/uploads/2020/04/Muntons-Sustainability-Report-2020.pdf,https://www.muntons.com/wp-content/uploads/2020/04/Muntons-Sustainability-Report-2020.pdf,200,0,OK,application/pdf,,
Notice Of Variation For Small Business Banking And Business Banking Customers,https://www.business.hsbc.uk/-/media/library/business-uk/pdfs/self-services/notice-of-variation-for-small-business-banking-and-business-banking-customers.pdf,https://www.business.hsbc.uk/notfound-404,200,2,SOFT_404_REDIRECT,text/html; charset=utf-8,Page not found,"window['pwsrefresh_currentSiteLanguage'] = 'en-GB'; Page not found .iZmknQ{font-family:UniversNext,Arial,sans-serif;margin:0;padding:0;text-align:left;font-size:16px;font-weight:400;line-height:normal;-webkit-letter-spacing:normal;-moz-letter-spacing:normal;-ms-letter-spacing:normal;letter-spacing:n"
Notification Of Credit Notes Form,https://www.business.hsbc.uk/-/media/media/uk/pdfs/generic/gib-rf-iif/notification-of-credit-notes-form.pdf,https://www.business.hsbc.uk/-/media/media/uk/pdfs/generic/gib-rf-iif/notification-of-credit-notes-form.pdf,200,0,OK,application/pdf,,
Notification Of Debts Form,https://www.business.hsbc.uk/-/media/media/uk/pdfs/generic/gib-rf-iif/notification-of-debts-form.pdf,https://www.business.hsbc.uk/-/media/media/uk/pdfs/generic/gib-rf-iif/notification-of-debts-form.pdf,200,0,OK,application/pdf,,
Open Payments Case Study,https://www.business.hsbc.uk/-/media/library/business-uk/pdfs/open-payments-case-study.pdf,https://www.business.hsbc.uk/en-gb,200,1,OK,text/html; charset=utf-8,Grow your business with HSBC Business Banking | HSBC UK,"window['pwsrefresh_currentSiteLanguage'] = 'en-GB'; Grow your business with HSBC Business Banking | HSBC UK .jsTITs{-webkit-align-self:stretch;-ms-flex-item-align:stretch;align-self:stretch;}/*!sc*/ .iwNDcP{left:0;position:absolute;}/*!sc*/ data-styled.g3[id=""Box-sc-qbwqq9-0""]{content:""jsTITs,iwNDcP"
Presentation Export Doc Cover,https://www.business.hsbc.uk/-/media/media/uk/pdfs/solutions/presentation-export-doc-cover.pdf,https://www.business.hsbc.uk/-/media/media/uk/pdfs/solutions/presentation-export-doc-cover.pdf,200,0,OK,application/pdf,,
Privacy Notice For Uk Customers,https://www.business.hsbc.uk/-/media/library/business-uk/pdfs/privacy-notice-for-uk-customers.pdf,https://www.business.hsbc.uk/-/media/library/business-uk/pdfs/privacy-notice-for-uk-customers.pdf,200,0,OK,application/pdf,,
Privacy Notice For Uk Customers?Elqtrackid=Dc022Ba66Bbf43478B3A5A65De14E976&Elqaid=2211&Elqat=2,https://www.business.hsbc.uk/-/media/library/business-uk/pdfs/privacy-notice-for-uk-customers.pdf?elqTrackId=dc022ba66bbf43478b3a5a65de14e976&elqaid=2211&elqat=2,https://www.business.hsbc.uk/-/media/library/business-uk/pdfs/privacy-notice-for-uk-customers.pdf?elqTrackId=dc022ba66bbf43478b3a5a65de14e976&elqaid=2211&elqat=2,200,0,OK,application/pdf,,
Product Guide Invoice Discounting,https://www.business.hsbc.uk/-/media/media/uk/pdfs/products/product-guide-invoice-discounting.pdf,https://www.business.hsbc.uk/-/media/media/uk/pdfs/products/product-guide-invoice-discounting.pdf,200,0,OK,application/pdf,,
Rac Hsbc Growth Experience,https://www.business.hsbc.uk/-/media/media/uk/pdfs/campaigns/rac-hsbc-growth-experience.pdf,https://www.business.hsbc.uk/notfound-404,200,2,SOFT_404_REDIRECT,text/html; charset=utf-8,Page not found,"window['pwsrefresh_currentSiteLanguage'] = 'en-GB'; Page not found .iZmknQ{font-family:UniversNext,Arial,sans-serif;margin:0;padding:0;text-align:left;font-size:16px;font-weight:400;line-height:normal;-webkit-letter-spacing:normal;-moz-letter-spacing:normal;-ms-letter-spacing:normal;letter-spacing:n"
Rapid Reconciliation Factsheet,https://www.business.hsbc.uk/-/media/media/uk/pdfs/products/rapid-reconciliation-factsheet.pdf,https://www.business.hsbc.uk/-/media/media/uk/pdfs/products/rapid-reconciliation-factsheet.pdf,200,0,OK,application/pdf,,
Receivables Finance Brochure,https://www.business.hsbc.uk/-/media/media/uk/pdfs/products/receivables-finance-brochure.pdf?download=1,https://www.business.hsbc.uk/notfound-404,200,2,SOFT_404_REDIRECT,text/html; charset=utf-8,Page not found,"window['pwsrefresh_currentSiteLanguage'] = 'en-GB'; Page not found .iZmknQ{font-family:UniversNext,Arial,sans-serif;margin:0;padding:0;text-align:left;font-size:16px;font-weight:400;line-height:normal;-webkit-letter-spacing:normal;-moz-letter-spacing:normal;-ms-letter-spacing:normal;letter-spacing:n"
Receivables Finance Brochure,https://www.business.hsbc.uk/-/media/media/uk/pdfs/generic/gib-rf-iif/receivables-finance-brochure.pdf,https://www.business.hsbc.uk/notfound-404,200,3,SOFT_404_REDIRECT,text/html; charset=utf-8,Page not found,"window['pwsrefresh_currentSiteLanguage'] = 'en-GB'; Page not found .iZmknQ{font-family:UniversNext,Arial,sans-serif;margin:0;padding:0;text-align:left;font-size:16px;font-weight:400;line-height:normal;-webkit-letter-spacing:normal;-moz-letter-spacing:normal;-ms-letter-spacing:normal;letter-spacing:n"
Receivables Finance Brochure,https://www.business.hsbc.uk/-/media/media/uk/pdfs/products/receivables-finance-brochure.pdf,https://www.business.hsbc.uk/notfound-404,200,2,SOFT_404_REDIRECT,text/html; charset=utf-8,Page not found,"window['pwsrefresh_currentSiteLanguage'] = 'en-GB'; Page not found .iZmknQ{font-family:UniversNext,Arial,sans-serif;margin:0;padding:0;text-align:left;font-size:16px;font-weight:400;line-height:normal;-webkit-letter-spacing:normal;-moz-letter-spacing:normal;-ms-letter-spacing:normal;letter-spacing:n"
Receivables Finance Litigation Guide 24 June 2024,https://www.business.hsbc.uk/-/media/media/uk/pdfs/generic/gib-rf-iif/receivables-finance-litigation-guide-24-june-2024.pdf,https://www.business.hsbc.uk/-/media/media/uk/pdfs/generic/gib-rf-iif/receivables-finance-litigation-guide-24-june-2024.pdf,200,0,OK,application/pdf,,
Receive Aus Factsheet Global Wallet,https://www.business.hsbc.uk/-/media/media/uk/pdfs/solutions/receive-aus-factsheet-global-wallet.pdf,https://www.business.hsbc.uk/-/media/media/uk/pdfs/solutions/receive-aus-factsheet-global-wallet.pdf,200,0,OK,application/pdf,,
Receive Aus Factsheet Global Wallet V2,https://www.business.hsbc.uk/-/media/media/uk/pdfs/solutions/receive-aus-factsheet-global-wallet-v2.pdf?download=1,https://www.business.hsbc.uk/-/media/media/uk/pdfs/solutions/receive-aus-factsheet-global-wallet-v2.pdf?download=1,200,0,OK,application/pdf,,
Request For Early Delivery Of Goods V4,https://www.business.hsbc.uk/-/media/media/uk/pdfs/solutions/request-for-early-delivery-of-goods-v4.pdf,https://www.business.hsbc.uk/-/media/media/uk/pdfs/solutions/request-for-early-delivery-of-goods-v4.pdf,200,0,OK,application/pdf,,
Request For Transfer Of Letter Of Credit,https://www.business.hsbc.uk/-/media/media/uk/pdfs/solutions/request-for-transfer-of-letter-of-credit.pdf,https://www.business.hsbc.uk/-/media/media/uk/pdfs/solutions/request-for-transfer-of-letter-of-credit.pdf,200,0,OK,application/pdf,,
Request To Amend A Guarantee Or Standby Letter Of Credit,https://www.business.hsbc.uk/-/media/media/uk/pdfs/solutions/request-to-amend-a-guarantee-or-standby-letter-of-credit.pdf,https://www.business.hsbc.uk/notfound-404,200,2,SOFT_404_REDIRECT,text/html; charset=utf-8,Page not found,"window['pwsrefresh_currentSiteLanguage'] = 'en-GB'; Page not found .iZmknQ{font-family:UniversNext,Arial,sans-serif;margin:0;padding:0;text-align:left;font-size:16px;font-weight:400;line-height:normal;-webkit-letter-spacing:normal;-moz-letter-spacing:normal;-ms-letter-spacing:normal;letter-spacing:n"
Request To Amend A Letter Of Credit,https://www.business.hsbc.uk/-/media/media/uk/pdfs/solutions/request-to-amend-a-letter-of-credit.pdf,https://www.business.hsbc.uk/-/media/media/uk/pdfs/solutions/request-to-amend-a-letter-of-credit.pdf,200,0,OK,application/pdf,,
Retentions Guide,https://www.business.hsbc.uk/-/media/media/uk/pdfs/generic/gib-rf-iif/retentions-guide.pdf,https://www.business.hsbc.uk/-/media/media/uk/pdfs/generic/gib-rf-iif/retentions-guide.pdf,200,0,OK,application/pdf,,
Rf Credit Protection,https://www.business.hsbc.uk/-/media/media/uk/pdfs/generic/gib-rf-iif/rf-credit-protection.pdf,https://www.business.hsbc.uk/-/media/media/uk/pdfs/generic/gib-rf-iif/rf-credit-protection.pdf,200,0,OK,application/pdf,,
Rf Direct Collections Guide,https://www.business.hsbc.uk/-/media/media/uk/pdfs/generic/gib-rf-iif/rf-direct-collections-guide.pdf,https://www.business.hsbc.uk/-/media/media/uk/pdfs/generic/gib-rf-iif/rf-direct-collections-guide.pdf,200,0,OK,application/pdf,,
Rf On Hsbcnet User Application Form,https://www.business.hsbc.uk/-/media/media/uk/pdfs/generic/gib-rf-iif/rf-on-hsbcnet-user-application-form.pdf,https://www.business.hsbc.uk/-/media/media/uk/pdfs/generic/gib-rf-iif/rf-on-hsbcnet-user-application-form.pdf,200,0,OK,application/pdf,,
Rfb Clients Deposit Account Summary,https://www.business.hsbc.uk/-/media/library/business-uk/pdfs/rfb-clients-deposit-account-summary.pdf,https://www.business.hsbc.uk/-/media/media/uk/PDFs/regulations/clients-deposit-account.pdf,200,1,OK,application/pdf,,
Rfb1085 Financial Services Compensation Scheme Information Sheet,https://www.business.hsbc.uk/-/media/media/uk/pdfs/generic/rfb1085-financial-services-compensation-scheme-information-sheet.pdf,https://www.business.hsbc.uk/-/media/media/uk/pdfs/generic/rfb1085-financial-services-compensation-scheme-information-sheet.pdf,200,0,OK,application/pdf,,
Rlsif Factsheet,https://www.business.hsbc.uk/-/media/media/uk/pdfs/solutions/rlsif-factsheet.pdf,https://www.business.hsbc.uk/notfound-404,200,2,SOFT_404_REDIRECT,text/html; charset=utf-8,Page not found,"window['pwsrefresh_currentSiteLanguage'] = 'en-GB'; Page not found .iZmknQ{font-family:UniversNext,Arial,sans-serif;margin:0;padding:0;text-align:left;font-size:16px;font-weight:400;line-height:normal;-webkit-letter-spacing:normal;-moz-letter-spacing:normal;-ms-letter-spacing:normal;letter-spacing:n"
Safeguard Guide For Religious Organisations 2021,https://www.business.hsbc.uk/-/media/library/business-uk/pdfs/safeguard-guide-for-religious-organisations-2021.pdf,https://www.business.hsbc.uk/notfound-404,200,2,SOFT_404_REDIRECT,text/html; charset=utf-8,Page not found,"window['pwsrefresh_currentSiteLanguage'] = 'en-GB'; Page not found .iZmknQ{font-family:UniversNext,Arial,sans-serif;margin:0;padding:0;text-align:left;font-size:16px;font-weight:400;line-height:normal;-webkit-letter-spacing:normal;-moz-letter-spacing:normal;-ms-letter-spacing:normal;letter-spacing:n"
Safeguard Guide For Religious Organisations 2021,https://www.business.hsbc.uk/-/media/media/uk/pdfs/campaigns/safeguard-guide-for-religious-organisations-2021.pdf,https://www.business.hsbc.uk/-/media/media/uk/pdfs/campaigns/safeguard-guide-for-religious-organisations-2021.pdf,200,0,OK,application/pdf,,
Sepa Key Facts,https://www.business.hsbc.uk/-/media/media/uk/pdfs/solutions/sepa-key-facts.pdf,https://www.business.hsbc.uk/-/media/media/uk/pdfs/solutions/sepa-key-facts.pdf,200,0,OK,application/pdf,,
Signatories Of A Corporate Partner Trustee Executor Administrator Signatory,https://www.business.hsbc.uk/-/media/media/uk/pdfs/common/signatories-of-a-corporate-partner-trustee-executor-administrator-signatory.pdf,https://www.business.hsbc.uk/-/media/media/uk/pdfs/common/signatories-of-a-corporate-partner-trustee-executor-administrator-signatory.pdf,200,0,OK,application/pdf,,
Smartsweep Factsheet,https://www.business.hsbc.uk/-/media/media/uk/pdfs/products/smartsweep-factsheet.pdf,https://www.business.hsbc.uk/-/media/media/uk/pdfs/products/smartsweep-factsheet.pdf,200,0,OK,application/pdf,,
Southern Ireland Credit Protection Tc,https://www.business.hsbc.uk/-/media/media/uk/pdfs/products/southern-ireland-credit-protection-tc.pdf,https://www.business.hsbc.uk/-/media/media/uk/pdfs/products/southern-ireland-credit-protection-tc.pdf,200,0,OK,application/pdf,,
Southern Ireland Credit Protection Tc,https://www.business.hsbc.uk/-/media/media/uk/pdfs/products/southern-ireland-credit-protection-tc.pdf?download=1,https://www.business.hsbc.uk/-/media/media/uk/pdfs/products/southern-ireland-credit-protection-tc.pdf?download=1,200,0,OK,application/pdf,,
Southern Ireland Debt Purchase Tc,https://www.business.hsbc.uk/-/media/media/uk/pdfs/products/southern-ireland-debt-purchase-tc.pdf,https://www.business.hsbc.uk/-/media/media/uk/pdfs/products/southern-ireland-debt-purchase-tc.pdf,200,0,OK,application/pdf,,
Southern Ireland Debt Purchase Tc,https://www.business.hsbc.uk/-/media/media/uk/pdfs/products/southern-ireland-debt-purchase-tc.pdf?download=1,https://www.business.hsbc.uk/-/media/media/uk/pdfs/products/southern-ireland-debt-purchase-tc.pdf?download=1,200,0,OK,application/pdf,,
Southern Ireland General Tc,https://www.business.hsbc.uk/-/media/media/uk/pdfs/products/southern-ireland-general-tc.pdf,https://www.business.hsbc.uk/-/media/media/uk/pdfs/products/southern-ireland-general-tc.pdf,200,0,OK,application/pdf,,
Standard Price List Effective From 3 June 2024,https://www.business.hsbc.uk/-/media/library/business-uk/pdfs/standard-price-list-effective-from-3-june-2024.pdf,https://www.business.hsbc.uk/-/media/library/business-uk/pdfs/standard-price-list-effective-from-3-june-2024.pdf,200,0,OK,application/pdf,,
Standard Trade Terms,https://www.business.hsbc.uk/-/media/media/uk/pdfs/solutions/standard-trade-terms.pdf?download=1,https://www.business.hsbc.uk/-/media/media/uk/pdfs/solutions/standard-trade-terms.pdf?download=1,200,0,OK,application/pdf,,
Standard Trade Terms,https://www.business.hsbc.uk/-/media/media/uk/pdfs/solutions/standard-trade-terms.pdf,https://www.business.hsbc.uk/-/media/media/uk/pdfs/solutions/standard-trade-terms.pdf,200,0,OK,application/pdf,,
State Recon Guide.Xls,https://www.business.hsbc.uk/-/media/media/uk/pdfs/generic/gib-rf-iif/state-recon-guide.xls,https://www.business.hsbc.uk/-/media/media/uk/pdfs/generic/gib-rf-iif/state-recon-guide.xls,200,0,OK,application/vnd.ms-excel,,
State Recon Temp,https://www.business.hsbc.uk/-/media/media/uk/pdfs/generic/gib-rf-iif/state-recon-temp.xlsx,https://www.business.hsbc.uk/-/media/media/uk/pdfs/generic/gib-rf-iif/state-recon-temp.xlsx,200,0,OK,application/vnd.openxmlformats-officedocument.spreadsheetml.sheet,,
Statement_Reconciliation_Smart_Form_And_Aged_Debt_Report_Guide,https://www.business.hsbc.uk/-/media/media/uk/pdfs/generic/gib-rf-iif/statement_reconciliation_smart_form_and_aged_debt_report_guide.pdf,https://www.business.hsbc.uk/-/media/media/uk/pdfs/generic/gib-rf-iif/statement_reconciliation_smart_form_and_aged_debt_report_guide.pdf,200,0,OK,application/pdf,,
Summary Box Business Notice Account,https://www.business.hsbc.uk/-/media/media/uk/pdfs/regulations/summary-box-business-notice-account.pdf,https://www.business.hsbc.uk/-/media/media/uk/pdfs/regulations/summary-box-business-notice-account.pdf,200,0,OK,application/pdf,,
Summary Box International Fixed Term Deposit,https://www.business.hsbc.uk/-/media/media/uk/pdfs/regulations/summary-box-international-fixed-term-deposit.pdf,https://www.business.hsbc.uk/-/media/media/uk/pdfs/regulations/summary-box-international-fixed-term-deposit.pdf,200,0,OK,application/pdf,,
Sustainability,https://www.business.hsbc.uk/-/media/media/uk/pdfs/campaigns/sustainability.pdf,https://www.business.hsbc.uk/-/media/media/uk/pdfs/campaigns/sustainability.pdf,200,0,OK,application/pdf,,
Sustainable Finance Vol 6,https://www.business.hsbc.uk/-/media/media/uk/pdfs/campaigns/sustainable-finance-vol-6.pdf,https://www.business.hsbc.uk/-/media/media/uk/pdfs/campaigns/sustainable-finance-vol-6.pdf,200,0,OK,application/pdf,,
Takeover Fraud Infographics,https://www.business.hsbc.uk/-/media/media/uk/pdfs/campaigns/takeover-fraud-infographics.pdf,https://www.business.hsbc.uk/-/media/media/uk/pdfs/campaigns/takeover-fraud-infographics.pdf,200,0,OK,application/pdf,,
Telling Stories With Data Visualisation,https://www.business.hsbc.uk/-/media/media/uk/pdfs/generic/telling-stories-with-data-visualisation.pdf,https://www.business.hsbc.uk/-/media/media/uk/pdfs/generic/telling-stories-with-data-visualisation.pdf,200,0,OK,application/pdf,,
Terms And Conditions For Hsbc Championships Tennis Tournament 2025 Ticket Giveaway,https://www.business.hsbc.uk/-/media/media/uk/pdfs/terms-and-conditions-for-hsbc-championships-tennis-tournament-2025-ticket-giveaway.pdf,https://www.business.hsbc.uk/notfound-404,200,2,SOFT_404_REDIRECT,text/html; charset=utf-8,Page not found,"window['pwsrefresh_currentSiteLanguage'] = 'en-GB'; Page not found .iZmknQ{font-family:UniversNext,Arial,sans-serif;margin:0;padding:0;text-align:left;font-size:16px;font-weight:400;line-height:normal;-webkit-letter-spacing:normal;-moz-letter-spacing:normal;-ms-letter-spacing:normal;letter-spacing:n"
Terms And Conditions Hsbc Of Bond Ticket Giveaway,https://www.business.hsbc.uk/-/media/media/uk/pdfs/terms-and-conditions-hsbc-of-bond-ticket-giveaway.pdf,https://www.business.hsbc.uk/-/media/media/uk/pdfs/terms-and-conditions-hsbc-of-bond-ticket-giveaway.pdf,200,0,OK,application/pdf,,
The Future Of Climate Friendly Clothing,https://www.business.hsbc.uk/-/media/media/uk/pdfs/campaigns/the-future-of-climate-friendly-clothing.pdf,https://www.business.hsbc.uk/-/media/media/uk/pdfs/campaigns/the-future-of-climate-friendly-clothing.pdf,200,0,OK,application/pdf,,
The Move To Net Zero And Sustainability Harper Adams,https://www.business.hsbc.uk/-/media/media/uk/pdfs/campaigns/the-move-to-net-zero-and-sustainability-harper-adams.pdf,https://www.business.hsbc.uk/-/media/media/uk/pdfs/campaigns/the-move-to-net-zero-and-sustainability-harper-adams.pdf,200,0,OK,application/pdf,,
Third Party Mandate Business,https://www.business.hsbc.uk/-/media/media/uk/pdfs/common/third-party-mandate-business.pdf,https://www.business.hsbc.uk/-/media/media/uk/pdfs/common/third-party-mandate-business.pdf,200,0,OK,application/pdf,,
To Apply For A Guarantee Or Standby Letter Of Credit,https://www.business.hsbc.uk/-/media/media/uk/pdfs/solutions/to-apply-for-a-guarantee-or-standby-letter-of-credit.pdf,https://www.business.hsbc.uk/notfound-404,200,2,SOFT_404_REDIRECT,text/html; charset=utf-8,Page not found,"window['pwsrefresh_currentSiteLanguage'] = 'en-GB'; Page not found .iZmknQ{font-family:UniversNext,Arial,sans-serif;margin:0;padding:0;text-align:left;font-size:16px;font-weight:400;line-height:normal;-webkit-letter-spacing:normal;-moz-letter-spacing:normal;-ms-letter-spacing:normal;letter-spacing:n"
Tradepay Factsheet,https://www.business.hsbc.uk/-/media/media/uk/pdfs/products/tradepay-factsheet.pdf,https://www.business.hsbc.uk/-/media/media/uk/pdfs/products/tradepay-factsheet.pdf,200,0,OK,application/pdf,,
Transfer Request Form,https://www.business.hsbc.uk/-/media/media/uk/pdfs/generic/gib-rf-iif/transfer-request-form.xlsx,https://www.business.hsbc.uk/-/media/media/uk/pdfs/generic/gib-rf-iif/transfer-request-form.xlsx,200,0,OK,application/vnd.openxmlformats-officedocument.spreadsheetml.sheet,,
Ucl Corporate Real Estate Introductory Guide,https://www.business.hsbc.uk/-/media/media/uk/pdfs/campaigns/ucl-corporate-real-estate-introductory-guide.pdf,https://www.business.hsbc.uk/-/media/media/uk/pdfs/campaigns/ucl-corporate-real-estate-introductory-guide.pdf,200,0,OK,application/pdf,,
Ucl Exec Summary Agriculture,https://www.business.hsbc.uk/-/media/media/uk/pdfs/campaigns/ucl-exec-summary-agriculture.pdf,https://www.business.hsbc.uk/-/media/media/uk/pdfs/campaigns/ucl-exec-summary-agriculture.pdf,200,0,OK,application/pdf,,
Uk Accountancy Sector Outlook Report 2024 2025,https://www.business.hsbc.uk/-/media/media/uk/pdfs/campaigns/uk-accountancy-sector-outlook-report-2024-2025.pdf,https://www.business.hsbc.uk/-/media/media/uk/pdfs/campaigns/uk-accountancy-sector-outlook-report-2024-2025.pdf,200,0,OK,application/pdf,,
Uk Corporate Tracker,https://www.business.hsbc.uk/-/media/media/uk/pdfs/article/uk-corporate-tracker.pdf,https://www.business.hsbc.uk/-/media/media/uk/pdfs/article/uk-corporate-tracker.pdf,200,0,OK,application/pdf,,
Uk Country Cross Border Payments Sttl,https://www.business.hsbc.uk/-/media/media/uk/pdfs/products/uk-country-cross-border-payments-sttl.pdf,https://www.business.hsbc.uk/-/media/media/uk/pdfs/products/uk-country-cross-border-payments-sttl.pdf,200,0,OK,application/pdf,,
Uk Country Cross Border Payments.Sttl,https://www.hsbc.co.uk/content/dam/hsbc/gb/pdf/uk-country-cross-border-payments.sttl.pdf,https://www.hsbc.co.uk/content/dam/hsbc/gb/pdf/uk-country-cross-border-payments.sttl.pdf,404,0,HTTP_404,text/html;charset=utf-8,404,"404 if ( !!window.hsbc ) { window.hsbc.cookie = { cookiePolicyLastUpdateDate: 1466093305524, cookiePolicyUrl: '/1/2/cookie-policy' } } else { window.hsbc = { cookie: { cookiePolicyLastUpdateDate: 1466093305524, cookiePolicyUrl: '/1/2/cookie-policy' } }; }"
Uk Grow With Google Practical Ai For Marketing,https://www.business.hsbc.uk/-/media/media/uk/pdfs/generic/uk-grow-with-google-practical-ai-for-marketing.pdf,https://www.business.hsbc.uk/-/media/media/uk/pdfs/generic/uk-grow-with-google-practical-ai-for-marketing.pdf,200,0,OK,application/pdf,,
Uk Grow With Google Social Media For Your Business,https://www.business.hsbc.uk/-/media/media/uk/pdfs/generic/uk-grow-with-google-social-media-for-your-business.pdf,https://www.business.hsbc.uk/-/media/media/uk/pdfs/generic/uk-grow-with-google-social-media-for-your-business.pdf,200,0,OK,application/pdf,,
Uk In Focus December 2025,https://www.business.hsbc.uk/-/media/media/uk/pdfs/article/uk-in-focus-december-2025.pdf?download=1,https://www.business.hsbc.uk/-/media/media/uk/pdfs/article/uk-in-focus-december-2025.pdf?download=1,200,0,OK,application/pdf,,
Uk In Focus January 1,https://www.business.hsbc.uk/-/media/media/uk/pdfs/uk-in-focus-january-1.pdf?download=1,https://www.business.hsbc.uk/-/media/media/uk/pdfs/uk-in-focus-january-1.pdf?download=1,200,0,OK,application/pdf,,
Uk In Focus July,https://www.business.hsbc.uk/-/media/media/uk/pdfs/article/uk-in-focus-july.pdf,https://www.business.hsbc.uk/-/media/media/uk/pdfs/article/uk-in-focus-july.pdf,200,0,OK,application/pdf,,
Uk In Focus November 2025,https://www.business.hsbc.uk/-/media/media/uk/pdfs/article/uk-in-focus-november-2025.pdf?download=1,https://www.business.hsbc.uk/-/media/media/uk/pdfs/article/uk-in-focus-november-2025.pdf?download=1,200,0,OK,application/pdf,,
Uk In Focus October 2025,https://www.business.hsbc.uk/-/media/media/uk/pdfs/article/uk-in-focus-october-2025.pdf?download=1,https://www.business.hsbc.uk/-/media/media/uk/pdfs/article/uk-in-focus-october-2025.pdf?download=1,200,0,OK,application/pdf,,
Uk In Focus September,https://www.business.hsbc.uk/-/media/media/uk/pdfs/uk-in-focus-september.pdf,https://www.business.hsbc.uk/-/media/media/uk/pdfs/uk-in-focus-september.pdf,200,0,OK,application/pdf,,
Websigner Faqs,https://www.business.hsbc.uk/-/media/media/uk/pdfs/products/websigner-faqs.pdf,https://www.business.hsbc.uk/-/media/media/uk/pdfs/products/websigner-faqs.pdf,200,0,OK,application/pdf,,
Wellbeing Guide,https://www.business.hsbc.uk/-/media/media/uk/pdfs/common/wellbeing-guide.pdf,https://www.business.hsbc.uk/-/media/media/uk/pdfs/common/wellbeing-guide.pdf,200,0,OK,application/pdf,,
Wellbeing Guide Uk,https://www.business.hsbc.uk/-/media/library/business-uk/pdfs/wellbeing-guide-uk.pdf,https://www.business.hsbc.uk/-/media/library/business-uk/pdfs/wellbeing-guide-uk.pdf,200,0,OK,application/pdf,,
