Row Number,PDF Name,Original URL,Final URL,HTTP Status,Reason,Review Category,Source Category,Content-Type,Page Title,Body Snippet
21,Go Greener Sme Reward,https://www.business.hsbc.uk/-/media/media/uk/pdfs/products/go-greener-sme-reward.pdf,https://www.business.hsbc.uk/notfound-404,200,SOFT_404_REDIRECT,SOFT_404,Products,text/html; charset=utf-8,Page not found,"window['pwsrefresh_currentSiteLanguage'] = 'en-GB'; Page not found .iZmknQ{font-family:UniversNext,Arial,sans-serif;margin:0;padding:0;text-align:left;font-size:16px;font-weight:400;line-height:normal;-webkit-letter-spacing:normal;-moz-letter-spacing:normal;-ms-letter-spacing:normal;letter-spacing:n"
29,Hsbc Uk Forward Planning 2025,https://www.business.hsbc.uk/-/media/media/uk/pdfs/campaigns/hsbc-uk-forward-planning-2025.pdf,https://www.business.hsbc.uk/notfound-404,200,SOFT_404_REDIRECT,SOFT_404,Campaigns,text/html; charset=utf-8,Page not found,"window['pwsrefresh_currentSiteLanguage'] = 'en-GB'; Page not found .iZmknQ{font-family:UniversNext,Arial,sans-serif;margin:0;padding:0;text-align:left;font-size:16px;font-weight:400;line-height:normal;-webkit-letter-spacing:normal;-moz-letter-spacing:normal;-ms-letter-spacing:normal;letter-spacing:n"
65,Managing Service Guide,https://www.business.hsbc.uk/-/media/media/uk/pdfs/campaigns/managing-service-guide.pdf,https://www.business.hsbc.uk/notfound-404,200,SOFT_404_REDIRECT,SOFT_404,Campaigns,text/html; charset=utf-8,Page not found,"window['pwsrefresh_currentSiteLanguage'] = 'en-GB'; Page not found .iZmknQ{font-family:UniversNext,Arial,sans-serif;margin:0;padding:0;text-align:left;font-size:16px;font-weight:400;line-height:normal;-webkit-letter-spacing:normal;-moz-letter-spacing:normal;-ms-letter-spacing:normal;letter-spacing:n"
85,Receivables Finance Brochure,https://www.business.hsbc.uk/-/media/media/uk/pdfs/products/receivables-finance-brochure.pdf?download=1,https://www.business.hsbc.uk/notfound-404,200,SOFT_404_REDIRECT,SOFT_404,Products,text/html; charset=utf-8,Page not found,"window['pwsrefresh_currentSiteLanguage'] = 'en-GB'; Page not found .iZmknQ{font-family:UniversNext,Arial,sans-serif;margin:0;padding:0;text-align:left;font-size:16px;font-weight:400;line-height:normal;-webkit-letter-spacing:normal;-moz-letter-spacing:normal;-ms-letter-spacing:normal;letter-spacing:n"
95,Receivables Finance Brochure,https://www.business.hsbc.uk/-/media/media/uk/pdfs/generic/gib-rf-iif/receivables-finance-brochure.pdf,https://www.business.hsbc.uk/notfound-404,200,SOFT_404_REDIRECT,SOFT_404,GIB/RF/IIF,text/html; charset=utf-8,Page not found,"window['pwsrefresh_currentSiteLanguage'] = 'en-GB'; Page not found .iZmknQ{font-family:UniversNext,Arial,sans-serif;margin:0;padding:0;text-align:left;font-size:16px;font-weight:400;line-height:normal;-webkit-letter-spacing:normal;-moz-letter-spacing:normal;-ms-letter-spacing:normal;letter-spacing:n"
114,Receivables Finance Brochure,https://www.business.hsbc.uk/-/media/media/uk/pdfs/products/receivables-finance-brochure.pdf,https://www.business.hsbc.uk/notfound-404,200,SOFT_404_REDIRECT,SOFT_404,Products,text/html; charset=utf-8,Page not found,"window['pwsrefresh_currentSiteLanguage'] = 'en-GB'; Page not found .iZmknQ{font-family:UniversNext,Arial,sans-serif;margin:0;padding:0;text-align:left;font-size:16px;font-weight:400;line-height:normal;-webkit-letter-spacing:normal;-moz-letter-spacing:normal;-ms-letter-spacing:normal;letter-spacing:n"
134,Capex Report 2024,https://www.business.hsbc.uk/-/media/media/uk/pdfs/campaigns/capex-report-2024.pdf,https://www.business.hsbc.uk/products/asset-finance,200,OK,ALT_LANDING_PAGE_NON_PDF,Campaigns,text/html; charset=utf-8,Asset Finance | Commercial Banking | HSBC,"window['pwsrefresh_currentSiteLanguage'] = 'en-GB'; Asset Finance | Commercial Banking | HSBC .iwNDcP{left:0;position:absolute;}/*!sc*/ .jsTITs{-webkit-align-self:stretch;-ms-flex-item-align:stretch;align-self:stretch;}/*!sc*/ data-styled.g3[id=""Box-sc-qbwqq9-0""]{content:""iwNDcP,jsTITs,iiYTCe,""}/*!s"
144,Business Money Manager Account Summary Sheet,https://www.business.hsbc.uk/-/media/library/business-uk/pdfs/self-services/business-money-manager-account-summary-sheet.pdf,https://www.business.hsbc.uk/notfound-404,200,SOFT_404_REDIRECT,SOFT_404,Self-Service,text/html; charset=utf-8,Page not found,"window['pwsrefresh_currentSiteLanguage'] = 'en-GB'; Page not found .iZmknQ{font-family:UniversNext,Arial,sans-serif;margin:0;padding:0;text-align:left;font-size:16px;font-weight:400;line-height:normal;-webkit-letter-spacing:normal;-moz-letter-spacing:normal;-ms-letter-spacing:normal;letter-spacing:n"
161,Notice Of Variation For Small Business Banking And Business Banking Customers,https://www.business.hsbc.uk/-/media/library/business-uk/pdfs/self-services/notice-of-variation-for-small-business-banking-and-business-banking-customers.pdf,https://www.business.hsbc.uk/notfound-404,200,SOFT_404_REDIRECT,SOFT_404,Self-Service,text/html; charset=utf-8,Page not found,"window['pwsrefresh_currentSiteLanguage'] = 'en-GB'; Page not found .iZmknQ{font-family:UniversNext,Arial,sans-serif;margin:0;padding:0;text-align:left;font-size:16px;font-weight:400;line-height:normal;-webkit-letter-spacing:normal;-moz-letter-spacing:normal;-ms-letter-spacing:normal;letter-spacing:n"
162,Invoice Finance Sales,https://www.business.hsbc.uk/-/media/media/uk/pdfs/products/invoice-finance-sales.pdf?download=1,https://www.business.hsbc.uk/notfound-404,200,SOFT_404_REDIRECT,SOFT_404,Products,text/html; charset=utf-8,Page not found,"window['pwsrefresh_currentSiteLanguage'] = 'en-GB'; Page not found .iZmknQ{font-family:UniversNext,Arial,sans-serif;margin:0;padding:0;text-align:left;font-size:16px;font-weight:400;line-height:normal;-webkit-letter-spacing:normal;-moz-letter-spacing:normal;-ms-letter-spacing:normal;letter-spacing:n"
164,Business Money Manager Account Additional Conditions,https://www.business.hsbc.uk/-/media/library/business-uk/pdfs/self-services/business-money-manager-account-additional-conditions.pdf,https://www.business.hsbc.uk/notfound-404,200,SOFT_404_REDIRECT,SOFT_404,Self-Service,text/html; charset=utf-8,Page not found,"window['pwsrefresh_currentSiteLanguage'] = 'en-GB'; Page not found .iZmknQ{font-family:UniversNext,Arial,sans-serif;margin:0;padding:0;text-align:left;font-size:16px;font-weight:400;line-height:normal;-webkit-letter-spacing:normal;-moz-letter-spacing:normal;-ms-letter-spacing:normal;letter-spacing:n"
166,Hsbc Eligible Green Criteria 2023 Final,https://www.business.hsbc.uk/-/media/media/uk/pdfs/campaigns/hsbc-eligible-green-criteria-2023-final.pdf,https://www.business.hsbc.uk/notfound-404,200,SOFT_404_REDIRECT,SOFT_404,Campaigns,text/html; charset=utf-8,Page not found,"window['pwsrefresh_currentSiteLanguage'] = 'en-GB'; Page not found .iZmknQ{font-family:UniversNext,Arial,sans-serif;margin:0;padding:0;text-align:left;font-size:16px;font-weight:400;line-height:normal;-webkit-letter-spacing:normal;-moz-letter-spacing:normal;-ms-letter-spacing:normal;letter-spacing:n"
192,Asia Europe Corridor Outlook,https://www.business.hsbc.uk/-/media/media/uk/pdfs/article/asia-europe-corridor-outlook.pdf,https://www.business.hsbc.uk/notfound-404,200,SOFT_404_REDIRECT,SOFT_404,Articles,text/html; charset=utf-8,Page not found,"window['pwsrefresh_currentSiteLanguage'] = 'en-GB'; Page not found .iZmknQ{font-family:UniversNext,Arial,sans-serif;margin:0;padding:0;text-align:left;font-size:16px;font-weight:400;line-height:normal;-webkit-letter-spacing:normal;-moz-letter-spacing:normal;-ms-letter-spacing:normal;letter-spacing:n"
195,To Apply For A Guarantee Or Standby Letter Of Credit,https://www.business.hsbc.uk/-/media/media/uk/pdfs/solutions/to-apply-for-a-guarantee-or-standby-letter-of-credit.pdf,https://www.business.hsbc.uk/notfound-404,200,SOFT_404_REDIRECT,SOFT_404,Solutions,text/html; charset=utf-8,Page not found,"window['pwsrefresh_currentSiteLanguage'] = 'en-GB'; Page not found .iZmknQ{font-family:UniversNext,Arial,sans-serif;margin:0;padding:0;text-align:left;font-size:16px;font-weight:400;line-height:normal;-webkit-letter-spacing:normal;-moz-letter-spacing:normal;-ms-letter-spacing:normal;letter-spacing:n"
209,Hsbc Global Private Banking The Global Entrepreneurial Wealth Report 2024,https://www.business.hsbc.uk/-/media/media/uk/pdfs/hsbc-global-private-banking-the-global-entrepreneurial-wealth-report-2024.pdf?download=1,https://www.business.hsbc.uk/notfound-404,200,SOFT_404_REDIRECT,SOFT_404,General,text/html; charset=utf-8,Page not found,"window['pwsrefresh_currentSiteLanguage'] = 'en-GB'; Page not found .iZmknQ{font-family:UniversNext,Arial,sans-serif;margin:0;padding:0;text-align:left;font-size:16px;font-weight:400;line-height:normal;-webkit-letter-spacing:normal;-moz-letter-spacing:normal;-ms-letter-spacing:normal;letter-spacing:n"
224,Terms And Conditions For Hsbc Championships Tennis Tournament 2025 Ticket Giveaway,https://www.business.hsbc.uk/-/media/media/uk/pdfs/terms-and-conditions-for-hsbc-championships-tennis-tournament-2025-ticket-giveaway.pdf,https://www.business.hsbc.uk/notfound-404,200,SOFT_404_REDIRECT,SOFT_404,General,text/html; charset=utf-8,Page not found,"window['pwsrefresh_currentSiteLanguage'] = 'en-GB'; Page not found .iZmknQ{font-family:UniversNext,Arial,sans-serif;margin:0;padding:0;text-align:left;font-size:16px;font-weight:400;line-height:normal;-webkit-letter-spacing:normal;-moz-letter-spacing:normal;-ms-letter-spacing:normal;letter-spacing:n"
235,Hsbccorporatebanking Openbankingperformanceandavailabilityreport Q4 2024,https://www.business.hsbc.uk/-/media/media/uk/pdfs/hsbccorporatebanking-openbankingperformanceandavailabilityreport-q4-2024.pdf,https://www.business.hsbc.uk/notfound-404,200,SOFT_404_REDIRECT,SOFT_404,General,text/html; charset=utf-8,Page not found,"window['pwsrefresh_currentSiteLanguage'] = 'en-GB'; Page not found .iZmknQ{font-family:UniversNext,Arial,sans-serif;margin:0;padding:0;text-align:left;font-size:16px;font-weight:400;line-height:normal;-webkit-letter-spacing:normal;-moz-letter-spacing:normal;-ms-letter-spacing:normal;letter-spacing:n"
239,Uk Country Cross Border Payments.Sttl,https://www.hsbc.co.uk/content/dam/hsbc/gb/pdf/uk-country-cross-border-payments.sttl.pdf,https://www.hsbc.co.uk/content/dam/hsbc/gb/pdf/uk-country-cross-border-payments.sttl.pdf,404,HTTP_404,HARD_404,Pdf,text/html;charset=utf-8,404,"404 if ( !!window.hsbc ) { window.hsbc.cookie = { cookiePolicyLastUpdateDate: 1466093305524, cookiePolicyUrl: '/1/2/cookie-policy' } } else { window.hsbc = { cookie: { cookiePolicyLastUpdateDate: 1466093305524, cookiePolicyUrl: '/1/2/cookie-policy' } }; }"
249,Hsbcbusinessbanking Openbankingperformanceandavailabilityreport Q3 2025,https://www.business.hsbc.uk/-/media/media/uk/pdfs/hsbcbusinessbanking-openbankingperformanceandavailabilityreport-q3-2025.pdf,https://www.business.hsbc.uk/notfound-404,200,SOFT_404_REDIRECT,SOFT_404,General,text/html; charset=utf-8,Page not found,"window['pwsrefresh_currentSiteLanguage'] = 'en-GB'; Page not found .iZmknQ{font-family:UniversNext,Arial,sans-serif;margin:0;padding:0;text-align:left;font-size:16px;font-weight:400;line-height:normal;-webkit-letter-spacing:normal;-moz-letter-spacing:normal;-ms-letter-spacing:normal;letter-spacing:n"
250,Container.Aspx?Currentstep=Clientdetails&Currentworkflow=Standardb2C&Producttarget=Tradesman&Source=52806004&_Gl=1*2Le6Vt*_Gcl_Au*Mtczody2Odi4Ni4Xnzuwnjczodm2*_Ga*Nzuxotg3Oty5Lje3Ndi0Njmymtu.*_Ga_Rm6N9W0H53*Cze3Ntgyotgxodakbzyzjgcwjhqxnzu4Mjk4Mtgwjgo2Mcrsmcroma..&Utm_Source=Website&Utm_Medium=Website&Utm_Campaign=Hsbc+Public+Website+Tradesmen+Q%26B,https://secure.marshcommercial.co.uk/AWE/Container.aspx?CurrentStep=ClientDetails&CurrentWorkflow=StandardB2C&ProductTarget=Tradesman&Source=52806004&_gl=1*2le6vt*_gcl_au*MTczODY2ODI4Ni4xNzUwNjczODM2*_ga*NzUxOTg3OTY5LjE3NDI0NjMyMTU.*_ga_RM6N9W0H53*czE3NTgyOTgxODAkbzYzJGcwJHQxNzU4Mjk4MTgwJGo2MCRsMCRoMA..&utm_source=Website&utm_medium=website&utm_campaign=HSBC+public+website+tradesmen+Q%26B,https://secure.marshcommercial.co.uk/AWE/Container.aspx?CurrentStep=ClientDetails&CurrentWorkflow=StandardB2C&ProductTarget=Tradesman&Source=52806004&_gl=1*2le6vt*_gcl_au*MTczODY2ODI4Ni4xNzUwNjczODM2*_ga*NzUxOTg3OTY5LjE3NDI0NjMyMTU.*_ga_RM6N9W0H53*czE3NTgyOTgxODAkbzYzJGcwJHQxNzU4Mjk4MTgwJGo2MCRsMCRoMA..&utm_source=Website&utm_medium=website&utm_campaign=HSBC+public+website+tradesmen+Q%26B,200,OK,ALT_LANDING_PAGE_NON_PDF,Awe,text/html; charset=utf-8,Your Details,"(function(w,d,s,l,i){w[l]=w[l]||[];w[l].push({'gtm.start': new Date().getTime(),event:'gtm.js'});var f=d.getElementsByTagName(s)[0], j=d.createElement(s),dl=l!='dataLayer'?'&l='+l:'';j.async=true;j.src= '//www.googletagmanager.com/gtm.js?id='+i+dl;f.parentNode.insertBefore(j,f); })(window,document,'"
251,Content.Aspx?Content=Hsbcriskassessment,http://www.privacyguard.co.uk/Content.aspx?content=HSBCriskassessment,https://www.privacyguard.co.uk:443/Content.aspx?content=HSBCriskassessment,200,OK,ALT_LANDING_PAGE_NON_PDF,Www.Privacyguard.Co.Uk,text/html; charset=utf-8,"Free credit report, credit score and credit check from PrivacyGuard UK","= VariantName=======> =PG_UK_CC BrandCode=========> =PG_UK_CC PackageId=========> =1012244 ProdDefId=========> =0 Region============> =en-GB --> Free credit report, credit score and credit check from PrivacyGuard UK jQuery(document).ready(function($) { $('.module.statistics').each(function(index, it"
255,Invoice Finance Guide,https://www.business.hsbc.uk/-/media/media/uk/pdfs/generic/gib-rf-iif/invoice-finance-guide.pdf,https://www.business.hsbc.uk/notfound-404,200,SOFT_404_REDIRECT,SOFT_404,GIB/RF/IIF,text/html; charset=utf-8,Page not found,"window['pwsrefresh_currentSiteLanguage'] = 'en-GB'; Page not found .iZmknQ{font-family:UniversNext,Arial,sans-serif;margin:0;padding:0;text-align:left;font-size:16px;font-weight:400;line-height:normal;-webkit-letter-spacing:normal;-moz-letter-spacing:normal;-ms-letter-spacing:normal;letter-spacing:n"
267,Hsbccorporatebanking Openbankingperformanceandavailabilityreport Q3 2025,https://www.business.hsbc.uk/-/media/media/uk/pdfs/hsbccorporatebanking-openbankingperformanceandavailabilityreport-q3-2025.pdf,https://www.business.hsbc.uk/notfound-404,200,SOFT_404_REDIRECT,SOFT_404,General,text/html; charset=utf-8,Page not found,"window['pwsrefresh_currentSiteLanguage'] = 'en-GB'; Page not found .iZmknQ{font-family:UniversNext,Arial,sans-serif;margin:0;padding:0;text-align:left;font-size:16px;font-weight:400;line-height:normal;-webkit-letter-spacing:normal;-moz-letter-spacing:normal;-ms-letter-spacing:normal;letter-spacing:n"
269,Rac Hsbc Growth Experience,https://www.business.hsbc.uk/-/media/media/uk/pdfs/campaigns/rac-hsbc-growth-experience.pdf,https://www.business.hsbc.uk/notfound-404,200,SOFT_404_REDIRECT,SOFT_404,Campaigns,text/html; charset=utf-8,Page not found,"window['pwsrefresh_currentSiteLanguage'] = 'en-GB'; Page not found .iZmknQ{font-family:UniversNext,Arial,sans-serif;margin:0;padding:0;text-align:left;font-size:16px;font-weight:400;line-height:normal;-webkit-letter-spacing:normal;-moz-letter-spacing:normal;-ms-letter-spacing:normal;letter-spacing:n"
270,Request To Amend A Guarantee Or Standby Letter Of Credit,https://www.business.hsbc.uk/-/media/media/uk/pdfs/solutions/request-to-amend-a-guarantee-or-standby-letter-of-credit.pdf,https://www.business.hsbc.uk/notfound-404,200,SOFT_404_REDIRECT,SOFT_404,Solutions,text/html; charset=utf-8,Page not found,"window['pwsrefresh_currentSiteLanguage'] = 'en-GB'; Page not found .iZmknQ{font-family:UniversNext,Arial,sans-serif;margin:0;padding:0;text-align:left;font-size:16px;font-weight:400;line-height:normal;-webkit-letter-spacing:normal;-moz-letter-spacing:normal;-ms-letter-spacing:normal;letter-spacing:n"
275,Hsbckinetic Openbankingperformanceandavailabilityreport Q1 2025,https://www.business.hsbc.uk/-/media/media/uk/pdfs/hsbckinetic-openbankingperformanceandavailabilityreport-q1-2025.pdf,https://www.business.hsbc.uk/notfound-404,200,SOFT_404_REDIRECT,SOFT_404,General,text/html; charset=utf-8,Page not found,"window['pwsrefresh_currentSiteLanguage'] = 'en-GB'; Page not found .iZmknQ{font-family:UniversNext,Arial,sans-serif;margin:0;padding:0;text-align:left;font-size:16px;font-weight:400;line-height:normal;-webkit-letter-spacing:normal;-moz-letter-spacing:normal;-ms-letter-spacing:normal;letter-spacing:n"
276,Hsbckinetic Openbankingperformanceandavailabilityreport Q4 2024,https://www.business.hsbc.uk/-/media/media/uk/pdfs/hsbckinetic-openbankingperformanceandavailabilityreport-q4-2024.pdf,https://www.business.hsbc.uk/notfound-404,200,SOFT_404_REDIRECT,SOFT_404,General,text/html; charset=utf-8,Page not found,"window['pwsrefresh_currentSiteLanguage'] = 'en-GB'; Page not found .iZmknQ{font-family:UniversNext,Arial,sans-serif;margin:0;padding:0;text-align:left;font-size:16px;font-weight:400;line-height:normal;-webkit-letter-spacing:normal;-moz-letter-spacing:normal;-ms-letter-spacing:normal;letter-spacing:n"
279,Hsbckinetic Openbankingperformanceandavailabilityreport Q3 2025,https://www.business.hsbc.uk/-/media/media/uk/pdfs/hsbckinetic-openbankingperformanceandavailabilityreport-q3-2025.pdf,https://www.business.hsbc.uk/notfound-404,200,SOFT_404_REDIRECT,SOFT_404,General,text/html; charset=utf-8,Page not found,"window['pwsrefresh_currentSiteLanguage'] = 'en-GB'; Page not found .iZmknQ{font-family:UniversNext,Arial,sans-serif;margin:0;padding:0;text-align:left;font-size:16px;font-weight:400;line-height:normal;-webkit-letter-spacing:normal;-moz-letter-spacing:normal;-ms-letter-spacing:normal;letter-spacing:n"
285,Econ 101 Uk Inflation Explainer Cmbwl Public,https://www.business.hsbc.uk/-/media/media/uk/pdfs/generic/econ-101-uk-inflation-explainer-cmbwl-public.pdf,https://www.business.hsbc.uk/notfound-404,200,SOFT_404_REDIRECT,SOFT_404,Generic,text/html; charset=utf-8,Page not found,"window['pwsrefresh_currentSiteLanguage'] = 'en-GB'; Page not found .iZmknQ{font-family:UniversNext,Arial,sans-serif;margin:0;padding:0;text-align:left;font-size:16px;font-weight:400;line-height:normal;-webkit-letter-spacing:normal;-moz-letter-spacing:normal;-ms-letter-spacing:normal;letter-spacing:n"
290,Hsbccorporatebanking Openbankingperformanceandavailabilityreport Q1 2025,https://www.business.hsbc.uk/-/media/media/uk/pdfs/hsbccorporatebanking-openbankingperformanceandavailabilityreport-q1-2025.pdf,https://www.business.hsbc.uk/notfound-404,200,SOFT_404_REDIRECT,SOFT_404,General,text/html; charset=utf-8,Page not found,"window['pwsrefresh_currentSiteLanguage'] = 'en-GB'; Page not found .iZmknQ{font-family:UniversNext,Arial,sans-serif;margin:0;padding:0;text-align:left;font-size:16px;font-weight:400;line-height:normal;-webkit-letter-spacing:normal;-moz-letter-spacing:normal;-ms-letter-spacing:normal;letter-spacing:n"
293,Rlsif Factsheet,https://www.business.hsbc.uk/-/media/media/uk/pdfs/solutions/rlsif-factsheet.pdf,https://www.business.hsbc.uk/notfound-404,200,SOFT_404_REDIRECT,SOFT_404,Solutions,text/html; charset=utf-8,Page not found,"window['pwsrefresh_currentSiteLanguage'] = 'en-GB'; Page not found .iZmknQ{font-family:UniversNext,Arial,sans-serif;margin:0;padding:0;text-align:left;font-size:16px;font-weight:400;line-height:normal;-webkit-letter-spacing:normal;-moz-letter-spacing:normal;-ms-letter-spacing:normal;letter-spacing:n"
297,Business Deposit Card Application Form,https://www.business.hsbc.uk/en-gb/solutions/account-serviceshttps://www.business.hsbc.uk/-/media/media/uk/pdfs/solutions/business-deposit-card-application-form.pdf,https://www.business.hsbc.uk/notfound-404,200,SOFT_404_REDIRECT,SOFT_404,Solutions,text/html; charset=utf-8,Page not found,"window['pwsrefresh_currentSiteLanguage'] = 'en-GB'; Page not found .iZmknQ{font-family:UniversNext,Arial,sans-serif;margin:0;padding:0;text-align:left;font-size:16px;font-weight:400;line-height:normal;-webkit-letter-spacing:normal;-moz-letter-spacing:normal;-ms-letter-spacing:normal;letter-spacing:n"
300,Cmb Uk In Focus April 2024,https://www.business.hsbc.uk/-/media/media/uk/pdfs/cmb-uk-in-focus-april-2024.pdf,https://www.business.hsbc.uk/notfound-404,200,SOFT_404_REDIRECT,SOFT_404,General,text/html; charset=utf-8,Page not found,"window['pwsrefresh_currentSiteLanguage'] = 'en-GB'; Page not found .iZmknQ{font-family:UniversNext,Arial,sans-serif;margin:0;padding:0;text-align:left;font-size:16px;font-weight:400;line-height:normal;-webkit-letter-spacing:normal;-moz-letter-spacing:normal;-ms-letter-spacing:normal;letter-spacing:n"
314,Safeguard Guide For Religious Organisations 2021,https://www.business.hsbc.uk/-/media/library/business-uk/pdfs/safeguard-guide-for-religious-organisations-2021.pdf,https://www.business.hsbc.uk/notfound-404,200,SOFT_404_REDIRECT,SOFT_404,General,text/html; charset=utf-8,Page not found,"window['pwsrefresh_currentSiteLanguage'] = 'en-GB'; Page not found .iZmknQ{font-family:UniversNext,Arial,sans-serif;margin:0;padding:0;text-align:left;font-size:16px;font-weight:400;line-height:normal;-webkit-letter-spacing:normal;-moz-letter-spacing:normal;-ms-letter-spacing:normal;letter-spacing:n"
