Source Row Number,PDF Name,URL,Control Axes Status,Our Axes Status,Axes Match,Control PDF/UA,Our PDF/UA,PDF/UA Match,Control WCAG,Our WCAG,WCAG Match,Final URL,Retrieval Category,Overall Result,Failure Summary,Control PDF/UA Notes,Our PDF/UA Notes,Control WCAG Notes,Our WCAG Notes,Adobe Acrobat Audit Status
2,Mandate For General Organisations,https://www.business.hsbc.uk/-/media/media/uk/pdfs/common/mandate-for-general-organisations.pdf,Complete,Complete,True,Pass,Pass,True,Pass,Fail,False,https://www.business.hsbc.uk/-/media/media/uk/pdfs/common/mandate-for-general-organisations.pdf,DIRECT_FILE_OK,FAIL,"Form fields have tooltips, At least one heading present, Adobe accessibility check, Colour contrast machine check, Reading order machine check",The file meets all machine-verifiable PDF/UA requirements.,The file meets all machine-verifiable PDF/UA requirements.,The file meets all machine-verifiable WCAG requirements (Level A and AA).,Adobe flagged color contrast for manual review. This typically indicates text/background contrast may not meet accessibility expectations.,Complete
3,Business Price List,https://www.business.hsbc.uk/-/media/media/uk/pdfs/regulations/business-price-list.pdf,Complete,Complete,True,Pass,Pass,True,Fail,Fail,True,https://www.business.hsbc.uk/-/media/media/uk/pdfs/regulations/business-price-list.pdf,DIRECT_FILE_OK,FAIL,"At least one heading present, Adobe accessibility check, Colour contrast machine check, Reading order machine check",,The file meets all machine-verifiable PDF/UA requirements.,"There are 37 places in the document where the colour of the text isn't different enough from the colour behind it, making it harder to read.",Adobe flagged color contrast for manual review. This typically indicates text/background contrast may not meet accessibility expectations.,Complete
4,Hsbcuk Account Closure Form,https://www.business.hsbc.uk/-/media/library/business-uk/pdfs/hsbcuk-account-closure-form.pdf,Complete,Complete,True,Pass,Pass,True,Pass,Pass,True,https://www.business.hsbc.uk/-/media/library/business-uk/pdfs/hsbcuk-account-closure-form.pdf,DIRECT_FILE_OK,FAIL,"Form fields have tooltips, At least one heading present, Adobe accessibility check, Colour contrast machine check, Reading order machine check",The file meets all machine-verifiable PDF/UA requirements.,The file meets all machine-verifiable PDF/UA requirements.,The file meets all machine-verifiable WCAG requirements (Level A and AA).,The file meets all machine-verifiable WCAG requirements (Level A and AA).,Complete
5,Change Of Address Form,https://www.business.hsbc.uk/-/media/media/uk/pdfs/solutions/change-of-address-form.pdf,Complete,Complete,True,Fail,Fail,True,Fail,Fail,True,https://www.business.hsbc.uk/-/media/media/uk/pdfs/solutions/change-of-address-form.pdf,DIRECT_FILE_OK,FAIL,"Form fields have tooltips, At least one heading present, Document title present, Adobe accessibility check, Colour contrast machine check, Reading order machine check","The PDF's document properties don't have a proper title set, or the PDF is configured to show the filename in the title bar instead of a meaningful title. ",One or more form fields are missing /TU tooltips. | Document title metadata is missing. | Accessibility permission flag [PASS],"the document is missing bookmarks. If the PDF is longer than a few pages and has no bookmark panel, that's a failure, users (including screen reader users) have no way to jump between sections.",Adobe flagged color contrast for manual review. This typically indicates text/background contrast may not meet accessibility expectations.,Complete
6,Business Banking Terms And Conditions,https://www.business.hsbc.uk/-/media/media/uk/pdfs/regulations/business-banking-terms-and-conditions.pdf,Complete,Complete,True,Fail,Pass,False,Fail,Fail,True,https://www.business.hsbc.uk/-/media/media/uk/pdfs/regulations/business-banking-terms-and-conditions.pdf,DIRECT_FILE_OK,FAIL,"At least one heading present, Adobe accessibility check, Colour contrast machine check, Reading order machine check",there's at least one element in the PDF that's using an incorrect or invalid tag type.,The file meets all machine-verifiable PDF/UA requirements.,"WCAG Failures,1.3 Adaptable 2 failures, there are two places where the visual structure of the document isn't reflected in the tags. 1.4 Distinguishable, 5  instances of text that doesn't meet the 4.5:1 (normal text) or 3:1 (large text) contrast ratio. 4.1 Compatible The 6 warnings likely mean there are interactive elements (links, form fields, or buttons) where the accessible name or role isn't quite right but isn't definitively broken",Adobe flagged color contrast for manual review. This typically indicates text/background contrast may not meet accessibility expectations.,Complete
7,Invoice Discounting Smart Form,https://www.business.hsbc.uk/-/media/media/uk/pdfs/generic/gib-rf-iif/invoice-discounting-smart-form.pdf,Complete,Complete,True,Fail,Fail,True,Fail,Pass,False,https://www.business.hsbc.uk/-/media/media/uk/pdfs/generic/gib-rf-iif/invoice-discounting-smart-form.pdf,DIRECT_FILE_OK,FAIL,"At least one heading present, Document language present, Document title present, Adobe accessibility check, Colour contrast machine check, Reading order machine check","Basic reuriments 
Fonts, 1 failure
Natural language, 14

Metadata and Settings
Metadata, 2 failures
Document settings, 2 failures",PDF catalog is missing /Lang. | Document title metadata is missing.,"1 Perceivable
1.3 Adaptable, 1 Failures

2 Operable
2.4 Navigable, 2 Failures

3 Understandable
3.1 Readable, 14 Failures",The file meets all machine-verifiable WCAG requirements (Level A and AA).,Not Started
9,Managing Service Guide,https://www.business.hsbc.uk/-/media/media/uk/pdfs/campaigns/managing-service-guide.pdf,Blocked,Blocked,True,,,False,,Fail,False,https://www.business.hsbc.uk/notfound-404,SOFT_404,FAIL,"Unexpected landing page, URL is expected file, URL resolves",404.0,The source PDF could not be retrieved for accessibility testing.,404.0,The source PDF resolved to a not-found or non-PDF destination.,Not Started
10,Mandate Continuation Sheet For Additional Signatories,https://www.business.hsbc.uk/-/media/media/uk/pdfs/common/mandate-continuation-sheet-for-additional-signatories.pdf,Complete,Complete,True,Pass,Pass,True,Pass,Pass,True,https://www.business.hsbc.uk/-/media/media/uk/pdfs/common/mandate-continuation-sheet-for-additional-signatories.pdf,DIRECT_FILE_OK,FAIL,"Form fields have tooltips, Adobe accessibility check, Colour contrast machine check, Reading order machine check",The file meets all machine-verifiable PDF/UA requirements.,The file meets all machine-verifiable PDF/UA requirements.,The file meets all machine-verifiable WCAG requirements (Level A and AA).,The file meets all machine-verifiable WCAG requirements (Level A and AA).,Complete
11,State Recon Temp,https://www.business.hsbc.uk/-/media/media/uk/pdfs/generic/gib-rf-iif/state-recon-temp.xlsx,Blocked,Blocked,True,,,False,,Fail,False,https://www.business.hsbc.uk/-/media/media/uk/pdfs/generic/gib-rf-iif/state-recon-temp.xlsx,REVIEW_REQUIRED,NEEDS_MANUAL_REVIEW,"Unexpected landing page, URL is expected file",Xlsx FIle Needs manual review ,The source PDF could not be retrieved for accessibility testing.,Xlsx FIle Needs manual review ,The source PDF resolved to a not-found or non-PDF destination.,Not Started
12,Mandate For General Partnerships And Limited Partnerships,https://www.business.hsbc.uk/-/media/media/uk/pdfs/common/mandate-for-general-partnerships-and-limited-partnerships.pdf,Complete,Complete,True,Pass,Pass,True,Pass,Fail,False,https://www.business.hsbc.uk/-/media/media/uk/pdfs/common/mandate-for-general-partnerships-and-limited-partnerships.pdf,DIRECT_FILE_OK,FAIL,"Form fields have tooltips, Adobe accessibility check, Colour contrast machine check, Reading order machine check",The file meets all machine-verifiable PDF/UA requirements.,The file meets all machine-verifiable PDF/UA requirements.,The file meets all machine-verifiable WCAG requirements (Level A and AA).,Adobe flagged color contrast for manual review. This typically indicates text/background contrast may not meet accessibility expectations.,Complete
13,Standard Price List Effective From 3 June 2024,https://www.business.hsbc.uk/-/media/library/business-uk/pdfs/standard-price-list-effective-from-3-june-2024.pdf,Complete,Complete,True,Fail,Fail,True,Fail,Fail,True,https://www.business.hsbc.uk/-/media/library/business-uk/pdfs/standard-price-list-effective-from-3-june-2024.pdf,DIRECT_FILE_OK,FAIL,"At least one heading present, Document title present, Adobe accessibility check, Colour contrast machine check, Reading order machine check","3 fonts not embedded
20,426 content items not tagged
1 structure tree warning
1 metadata field missing
",Document title metadata is missing. | Accessibility permission flag [PASS],"20,429 content items not properly tagged (1.3 Adaptable)
1 navigation failure — missing bookmarks or document title (2.4 Navigable)
1 compatibility warning — link or form field naming issue (4.1 Compatible)",Adobe flagged color contrast for manual review. This typically indicates text/background contrast may not meet accessibility expectations.,Complete
14,Business Banking Price List,https://www.business.hsbc.uk/-/media/library/business-uk/pdfs/business-banking-price-list.pdf,Complete,Complete,True,Pass,Pass,True,Fail,Fail,True,https://www.business.hsbc.uk/-/media/media/uk/PDFs/regulations/business-price-list.pdf?la=en-GB,DIRECT_FILE_OK,FAIL,"At least one heading present, Adobe accessibility check, Colour contrast machine check, Reading order machine check",The file meets all machine-verifiable PDF/UA requirements.,The file meets all machine-verifiable PDF/UA requirements.,37 colour contrast failures (1.4 Distinguishable),Adobe flagged color contrast for manual review. This typically indicates text/background contrast may not meet accessibility expectations.,Complete
15,Mandate Continuation Sheet For Additional Accounts,https://www.business.hsbc.uk/-/media/media/uk/pdfs/common/mandate-continuation-sheet-for-additional-accounts.pdf,Complete,Complete,True,Pass,Pass,True,Pass,Pass,True,https://www.business.hsbc.uk/-/media/media/uk/pdfs/common/mandate-continuation-sheet-for-additional-accounts.pdf,DIRECT_FILE_OK,FAIL,"Form fields have tooltips, Adobe accessibility check, Colour contrast machine check, Reading order machine check",The file meets all machine-verifiable PDF/UA requirements.,The file meets all machine-verifiable PDF/UA requirements.,The file meets all machine-verifiable WCAG requirements (Level A and AA).,The file meets all machine-verifiable WCAG requirements (Level A and AA).,Complete
16,Signatories Of A Corporate Partner Trustee Executor Administrator Signatory,https://www.business.hsbc.uk/-/media/media/uk/pdfs/common/signatories-of-a-corporate-partner-trustee-executor-administrator-signatory.pdf,Complete,Complete,True,Pass,Pass,True,Pass,Pass,True,https://www.business.hsbc.uk/-/media/media/uk/pdfs/common/signatories-of-a-corporate-partner-trustee-executor-administrator-signatory.pdf,DIRECT_FILE_OK,FAIL,"Form fields have tooltips, At least one heading present, Adobe accessibility check, Colour contrast machine check, Reading order machine check",The file meets all machine-verifiable PDF/UA requirements.,The file meets all machine-verifiable PDF/UA requirements.,The file meets all machine-verifiable WCAG requirements (Level A and AA).,The file meets all machine-verifiable WCAG requirements (Level A and AA).,Complete
17,Mandate Continuation Sheet For Specific Signing Rules,https://www.business.hsbc.uk/-/media/media/uk/pdfs/common/mandate-continuation-sheet-for-specific-signing-rules.pdf,Complete,Complete,True,Pass,Pass,True,Pass,Pass,True,https://www.business.hsbc.uk/-/media/media/uk/pdfs/common/mandate-continuation-sheet-for-specific-signing-rules.pdf,DIRECT_FILE_OK,FAIL,"Form fields have tooltips, Adobe accessibility check, Colour contrast machine check, Reading order machine check",The file meets all machine-verifiable PDF/UA requirements.,The file meets all machine-verifiable PDF/UA requirements.,The file meets all machine-verifiable WCAG requirements (Level A and AA).,The file meets all machine-verifiable WCAG requirements (Level A and AA).,Complete
18,Presentation Export Doc Cover,https://www.business.hsbc.uk/-/media/media/uk/pdfs/solutions/presentation-export-doc-cover.pdf,Blocked,Blocked,True,Fail,Fail,True,Fail,Fail,True,https://www.business.hsbc.uk/-/media/media/uk/pdfs/solutions/presentation-export-doc-cover.pdf,DIRECT_FILE_OK,FAIL,"Figure alt text present, Form fields have tooltips, At least one heading present, Lists use L tag, Document title present, Adobe accessibility check, Colour contrast machine check, Reading order machine check","Basic requirement for accessible PDFs not met!

The PDF does not contain an invisible structural layer in the form of tags and therefore does not meet the requirements for further accessibility testing.
You want us to create an accessible file from your PDF according to PDF/UA and WCAG? Then send your file to our axesService.","Basic requirement for accessible PDFs not met!

The PDF does not contain an invisible structural layer in the form of tags and therefore does not meet the requirements for further accessibility testing.",,Adobe flagged color contrast for manual review. This typically indicates text/background contrast may not meet accessibility expectations.,Complete
19,Hsbc Global Wallet Factsheet June 2024,https://www.business.hsbc.uk/-/media/media/uk/pdfs/products/hsbc-global-wallet-factsheet-june-2024.pdf?download=1,Blocked,Blocked,True,Fail,Fail,True,Fail,Fail,True,https://www.business.hsbc.uk/-/media/media/uk/pdfs/products/hsbc-global-wallet-factsheet-june-2024.pdf?download=1,DIRECT_FILE_OK,FAIL,"At least one heading present, Links use Link tag, Document title present, Tagged PDF present, Adobe accessibility check, Colour contrast machine check, Reading order machine check","Basic requirement for accessible PDFs not met!

The PDF does not contain an invisible structural layer in the form of tags and therefore does not meet the requirements for further accessibility testing.
You want us to create an accessible file from your PDF according to PDF/UA and WCAG? Then send your file to our axesService.","Basic requirement for accessible PDFs not met!

The PDF does not contain an invisible structural layer in the form of tags and therefore does not meet the requirements for further accessibility testing.",,Adobe flagged color contrast for manual review. This typically indicates text/background contrast may not meet accessibility expectations.,Complete
20,Mandate For Trustees Or For Executors And Administrators Of A Deceased Persons Estate,https://www.business.hsbc.uk/-/media/media/uk/pdfs/common/mandate-for-trustees-or-for-executors-and-administrators-of-a-deceased-persons-estate.pdf,Complete,Complete,True,Partial,Pass,False,Partial,Fail,False,https://www.business.hsbc.uk/-/media/media/uk/pdfs/common/mandate-for-trustees-or-for-executors-and-administrators-of-a-deceased-persons-estate.pdf,DIRECT_FILE_OK,FAIL,"Form fields have tooltips, At least one heading present, Adobe accessibility check, Colour contrast machine check, Reading order machine check","Structure Tree, 24 errors",The file meets all machine-verifiable PDF/UA requirements.,"4.1 Compatible, 24 errors",Adobe flagged color contrast for manual review. This typically indicates text/background contrast may not meet accessibility expectations.,Complete
21,Go Greener Sme Reward,https://www.business.hsbc.uk/-/media/media/uk/pdfs/products/go-greener-sme-reward.pdf,Blocked,Blocked,True,Fail,,False,Fail,Fail,True,https://www.business.hsbc.uk/notfound-404,SOFT_404,FAIL,"Unexpected landing page, URL is expected file, URL resolves","Basic requirement for accessible PDFs not met!

The PDF does not contain an invisible structural layer in the form of tags and therefore does not meet the requirements for further accessibility testing.
You want us to create an accessible file from your PDF according to PDF/UA and WCAG? Then send your file to our axesService.",The source PDF could not be retrieved for accessibility testing.,,The source PDF resolved to a not-found or non-PDF destination.,Not Started
22,Faster Payments Factsheet For Commercial Banking,https://www.business.hsbc.uk/-/media/media/uk/pdfs/products/faster-payments-factsheet-for-commercial-banking.pdf,Complete,Complete,True,Fail,Pass,False,Fail,Pass,False,https://www.business.hsbc.uk/-/media/media/uk/pdfs/products/faster-payments-factsheet-for-commercial-banking.pdf,DIRECT_FILE_OK,FAIL,"At least one heading present, Adobe accessibility check, Colour contrast machine check, Reading order machine check","10 content items not properly tagged
8 structure elements using incorrect tag types
8 alternative description warnings (alt text may be missing or questionable)",The file meets all machine-verifiable PDF/UA requirements.,"8 alt text warnings (1.1 Text Alternatives)
10 structure/tagging failures (1.3 Adaptable)
8 compatibility failures — links or form fields with incorrect names/roles (4.1 Compatible)",The file meets all machine-verifiable WCAG requirements (Level A and AA).,Complete
23,Global Funds Transfer,https://www.business.hsbc.uk/-/media/media/uk/pdfs/solutions/global-funds-transfer.pdf,Complete,Complete,True,Fail,Fail,True,Fail,Pass,False,https://www.business.hsbc.uk/-/media/media/uk/pdfs/solutions/global-funds-transfer.pdf,DIRECT_FILE_OK,FAIL,"At least one heading present, Document language present, Document title present, Adobe accessibility check, Colour contrast machine check, Reading order machine check","1 font not embedded
7 natural language failures (document or content language not set)
1 metadata field missing
2 document settings failures",PDF catalog is missing /Lang. | Document title metadata is missing.,"1 structure/tagging failure (1.3 Adaptable)
2 navigation failures — missing bookmarks or document title (2.4 Navigable)
7 language failures — document or content language not set (3.1 Readable)",The file meets all machine-verifiable WCAG requirements (Level A and AA).,Not Started
24,Privacy Notice For Uk Customers,https://www.business.hsbc.uk/-/media/library/business-uk/pdfs/privacy-notice-for-uk-customers.pdf,Complete,Complete,True,Pass,Pass,True,Fail,Pass,False,https://www.business.hsbc.uk/-/media/library/business-uk/pdfs/privacy-notice-for-uk-customers.pdf,DIRECT_FILE_OK,NEEDS_MANUAL_REVIEW,"Adobe accessibility check, Colour contrast machine check, Reading order machine check",The file meets all machine-verifiable PDF/UA requirements.,The file meets all machine-verifiable PDF/UA requirements.,134 colour contrast failures (1.4 Distinguishable),The file meets all machine-verifiable WCAG requirements (Level A and AA).,Complete
25,Business Plan Template.Docx,https://www.business.hsbc.uk/-/media/media/uk/pdfs/business-plan-template.docx,Complete,Blocked,False,Fail,,False,Fail,Fail,True,https://www.business.hsbc.uk/-/media/media/uk/pdfs/business-plan-template.docx,REVIEW_REQUIRED,NEEDS_MANUAL_REVIEW,"Unexpected landing page, URL is expected file","46 structure elements using incorrect tag types
38 structure tree warnings
3 metadata failures
1 document settings failure",The source PDF could not be retrieved for accessibility testing.,"43 structure/tagging failures (1.3 Adaptable)
3 navigation failures (2.4 Navigable)
56 language failures (3.1 Readable)
1 compatibility failure + 38 warnings (4.1 Compatible)",The source PDF resolved to a not-found or non-PDF destination.,Not Started
26,Third Party Mandate Business,https://www.business.hsbc.uk/-/media/media/uk/pdfs/common/third-party-mandate-business.pdf,Complete,Complete,True,Pass,Pass,True,Pass,Fail,False,https://www.business.hsbc.uk/-/media/media/uk/pdfs/common/third-party-mandate-business.pdf,DIRECT_FILE_OK,FAIL,"Form fields have tooltips, At least one heading present, Adobe accessibility check, Colour contrast machine check, Reading order machine check",The file meets all machine-verifiable PDF/UA requirements.,The file meets all machine-verifiable PDF/UA requirements.,The file meets all machine-verifiable WCAG requirements (Level A and AA).,Adobe flagged color contrast for manual review. This typically indicates text/background contrast may not meet accessibility expectations.,Complete
27,Hsbc Corporate Card Factsheet,https://www.business.hsbc.uk/-/media/media/uk/pdfs/products/hsbc-corporate-card-factsheet.pdf,Complete,Complete,True,Pass,Pass,True,Pass,Pass,True,https://www.business.hsbc.uk/-/media/media/uk/pdfs/products/hsbc-corporate-card-factsheet.pdf,DIRECT_FILE_OK,FAIL,"At least one heading present, Adobe accessibility check, Colour contrast machine check, Reading order machine check",The file meets all machine-verifiable PDF/UA requirements.,The file meets all machine-verifiable PDF/UA requirements.,The file meets all machine-verifiable WCAG requirements (Level A and AA).,The file meets all machine-verifiable WCAG requirements (Level A and AA).,Complete
28,Client Account Additional Conditions,https://www.business.hsbc.uk/-/media/media/uk/pdfs/regulations/client-account-additional-conditions.pdf,Complete,Complete,True,Pass,Pass,True,Fail,Fail,True,https://www.business.hsbc.uk/-/media/media/uk/pdfs/regulations/client-account-additional-conditions.pdf,DIRECT_FILE_OK,FAIL,"At least one heading present, Adobe accessibility check, Colour contrast machine check, Reading order machine check",The file meets all machine-verifiable PDF/UA requirements.,The file meets all machine-verifiable PDF/UA requirements.,36 colour contrast failures (1.4 Distinguishable),Adobe flagged color contrast for manual review. This typically indicates text/background contrast may not meet accessibility expectations.,Complete
29,Hsbc Uk Forward Planning 2025,https://www.business.hsbc.uk/-/media/media/uk/pdfs/campaigns/hsbc-uk-forward-planning-2025.pdf,Blocked,Blocked,True,Fail,,False,Fail,Fail,True,https://www.business.hsbc.uk/notfound-404,SOFT_404,FAIL,"Unexpected landing page, URL is expected file, URL resolves","Basic requirement for accessible PDFs not met!

The PDF does not contain an invisible structural layer in the form of tags and therefore does not meet the requirements for further accessibility testing.
You want us to create an accessible file from your PDF according to PDF/UA and WCAG? Then send your file to our axesService.",The source PDF could not be retrieved for accessibility testing.,,The source PDF resolved to a not-found or non-PDF destination.,Not Started
30,Business Loan Direct Debit Mandate,https://www.business.hsbc.uk/-/media/library/business-uk/pdfs/business-loan-direct-debit-mandate.pdf,Blocked,Blocked,True,Fail,Fail,True,Fail,Fail,True,https://www.business.hsbc.uk/-/media/library/business-uk/pdfs/business-loan-direct-debit-mandate.pdf,DIRECT_FILE_OK,FAIL,"At least one heading present, Document title present, Tagged PDF present, Adobe accessibility check, Colour contrast machine check, Reading order machine check","Basic requirement for accessible PDFs not met!

The PDF does not contain an invisible structural layer in the form of tags and therefore does not meet the requirements for further accessibility testing.
You want us to create an accessible file from your PDF according to PDF/UA and WCAG? Then send your file to our axesService.","Basic requirement for accessible PDFs not met!

The PDF does not contain an invisible structural layer in the form of tags and therefore does not meet the requirements for further accessibility testing.",,Adobe flagged color contrast for manual review. This typically indicates text/background contrast may not meet accessibility expectations.,Complete
31,Business Internet Banking Additional Conditions,https://www.business.hsbc.uk/-/media/media/uk/pdfs/regulations/business-internet-banking-additional-conditions.pdf,Complete,Complete,True,Pass,Pass,True,Fail,Fail,True,https://www.business.hsbc.uk/-/media/media/uk/pdfs/regulations/business-internet-banking-additional-conditions.pdf,DIRECT_FILE_OK,FAIL,"At least one heading present, Adobe accessibility check, Colour contrast machine check, Reading order machine check",The file meets all machine-verifiable PDF/UA requirements.,The file meets all machine-verifiable PDF/UA requirements.,5 colour contrast failures (1.4 Distinguishable),Adobe flagged color contrast for manual review. This typically indicates text/background contrast may not meet accessibility expectations.,Complete
32,Hsbc Uk Womens Business Growth Initiative Report,https://www.business.hsbc.uk/-/media/media/uk/pdfs/campaigns/hsbc-uk-womens-business-growth-initiative-report.pdf,Blocked,Blocked,True,Fail,Fail,True,Fail,Pass,False,https://www.business.hsbc.uk/-/media/media/uk/pdfs/campaigns/hsbc-uk-womens-business-growth-initiative-report.pdf,DIRECT_FILE_OK,FAIL,"At least one heading present, Links use Link tag, Document title present, Bookmarks present when required, Tagged PDF present, TOC present for general documents, Adobe accessibility check, Colour contrast machine check, Reading order machine check","Basic requirement for accessible PDFs not met!

The PDF does not contain an invisible structural layer in the form of tags and therefore does not meet the requirements for further accessibility testing.
You want us to create an accessible file from your PDF according to PDF/UA and WCAG? Then send your file to our axesService.","Basic requirement for accessible PDFs not met!

The PDF does not contain an invisible structural layer in the form of tags and therefore does not meet the requirements for further accessibility testing.",,The file meets all machine-verifiable WCAG requirements (Level A and AA).,Not Started
33,Hsbc Financing For Growth Report,https://www.business.hsbc.uk/-/media/media/uk/pdfs/campaigns/hsbc-financing-for-growth-report.pdf,In Progress,Blocked,False,,Fail,False,,Fail,False,https://www.business.hsbc.uk/-/media/media/uk/pdfs/campaigns/hsbc-financing-for-growth-report.pdf,DIRECT_FILE_OK,FAIL,"At least one heading present, Links use Link tag, Document title present, Bookmarks present when required, Tagged PDF present, TOC present for general documents, Adobe accessibility check, Colour contrast machine check, Reading order machine check",File size too large,"Basic requirement for accessible PDFs not met!

The PDF does not contain an invisible structural layer in the form of tags and therefore does not meet the requirements for further accessibility testing.",File size too large,Adobe flagged color contrast for manual review. This typically indicates text/background contrast may not meet accessibility expectations.,Complete
34,Business Debit Card Factsheet 2,https://www.business.hsbc.uk/-/media/media/uk/pdfs/products/business-debit-card-factsheet-2.pdf,Complete,Complete,True,Pass,Pass,True,Pass,Pass,True,https://www.business.hsbc.uk/-/media/media/uk/pdfs/products/business-debit-card-factsheet-2.pdf,DIRECT_FILE_OK,FAIL,"At least one heading present, Adobe accessibility check, Colour contrast machine check, Reading order machine check",The file meets all machine-verifiable PDF/UA requirements.,The file meets all machine-verifiable PDF/UA requirements.,The file meets all machine-verifiable WCAG requirements (Level A and AA).,The file meets all machine-verifiable WCAG requirements (Level A and AA).,Complete
35,Guarantee And Standby Letters Of Credit Wording,https://www.business.hsbc.uk/-/media/media/uk/pdfs/products/guarantee-and-standby-letters-of-credit-wording.pdf,Blocked,Blocked,True,Fail,Fail,True,Fail,Pass,False,https://www.business.hsbc.uk/-/media/media/uk/pdfs/products/guarantee-and-standby-letters-of-credit-wording.pdf,DIRECT_FILE_OK,FAIL,"At least one heading present, Document language present, Document title present, Bookmarks present when required, Tagged PDF present, TOC present for general documents, Adobe accessibility check, Colour contrast machine check, Reading order machine check","Basic requirement for accessible PDFs not met!

The PDF does not contain an invisible structural layer in the form of tags and therefore does not meet the requirements for further accessibility testing.
You want us to create an accessible file from your PDF according to PDF/UA and WCAG? Then send your file to our axesService.","Basic requirement for accessible PDFs not met!

The PDF does not contain an invisible structural layer in the form of tags and therefore does not meet the requirements for further accessibility testing.",,The file meets all machine-verifiable WCAG requirements (Level A and AA).,Not Started
36,Country Groupings,https://www.business.hsbc.uk/-/media/media/uk/pdfs/generic/gib-rf-iif/country-groupings.pdf,Complete,Complete,True,Partial,Pass,False,Partial,Fail,False,https://www.business.hsbc.uk/-/media/media/uk/pdfs/generic/gib-rf-iif/country-groupings.pdf,DIRECT_FILE_OK,FAIL,"At least one heading present, Adobe accessibility check, Colour contrast machine check, Reading order machine check","255 structure tree warnings
",The file meets all machine-verifiable PDF/UA requirements.,255 compatibility warnings (4.1 Compatible),Adobe flagged color contrast for manual review. This typically indicates text/background contrast may not meet accessibility expectations.,Complete
37,Business Banking Price List,https://www.business.hsbc.uk/-/media/library/business-uk/pdfs/business-banking-price-list.pdf,Complete,Complete,True,Pass,Pass,True,Fail,Fail,True,https://www.business.hsbc.uk/-/media/media/uk/PDFs/regulations/business-price-list.pdf?la=en-GB,DIRECT_FILE_OK,FAIL,"At least one heading present, Adobe accessibility check, Colour contrast machine check, Reading order machine check",The file meets all machine-verifiable PDF/UA requirements.,The file meets all machine-verifiable PDF/UA requirements.,37 colour contrast failures (1.4 Distinguishable),Adobe flagged color contrast for manual review. This typically indicates text/background contrast may not meet accessibility expectations.,Complete
38,Business Deposit Account Additional Conditions,https://www.business.hsbc.uk/-/media/library/business-uk/pdfs/business-deposit-account-additional-conditions.pdf,Complete,Complete,True,Pass,Pass,True,Pass,Pass,True,https://www.business.hsbc.uk/-/media/library/business-uk/pdfs/business-deposit-account-additional-conditions.pdf,DIRECT_FILE_OK,FAIL,"At least one heading present, Adobe accessibility check, Colour contrast machine check, Reading order machine check",The file meets all machine-verifiable PDF/UA requirements.,The file meets all machine-verifiable PDF/UA requirements.,The file meets all machine-verifiable WCAG requirements (Level A and AA).,The file meets all machine-verifiable WCAG requirements (Level A and AA).,Not Started
39,Sepa Key Facts,https://www.business.hsbc.uk/-/media/media/uk/pdfs/solutions/sepa-key-facts.pdf,Complete,Complete,True,Pass,Pass,True,Pass,Pass,True,https://www.business.hsbc.uk/-/media/media/uk/pdfs/solutions/sepa-key-facts.pdf,DIRECT_FILE_OK,FAIL,"At least one heading present, Adobe accessibility check, Colour contrast machine check, Reading order machine check",The file meets all machine-verifiable PDF/UA requirements.,The file meets all machine-verifiable PDF/UA requirements.,The file meets all machine-verifiable WCAG requirements (Level A and AA).,The file meets all machine-verifiable WCAG requirements (Level A and AA).,Not Started
40,Hsb Bacs Factsheet,https://www.business.hsbc.uk/-/media/media/uk/pdfs/products/hsb-bacs-factsheet.pdf,Complete,Complete,True,Pass,Pass,True,Pass,Pass,True,https://www.business.hsbc.uk/-/media/media/uk/pdfs/products/hsb-bacs-factsheet.pdf,DIRECT_FILE_OK,FAIL,"At least one heading present, Adobe accessibility check, Colour contrast machine check, Reading order machine check",The file meets all machine-verifiable PDF/UA requirements.,The file meets all machine-verifiable PDF/UA requirements.,The file meets all machine-verifiable WCAG requirements (Level A and AA).,The file meets all machine-verifiable WCAG requirements (Level A and AA).,Not Started
41,Commercial Card Agreement Terms,https://www.business.hsbc.uk/-/media/library/business-uk/pdfs/commercial-card-agreement-terms.pdf,Complete,Complete,True,Pass,Pass,True,Fail,Fail,True,https://www.business.hsbc.uk/-/media/library/business-uk/pdfs/commercial-card-agreement-terms.pdf,DIRECT_FILE_OK,FAIL,"At least one heading present, Adobe accessibility check, Colour contrast machine check, Reading order machine check",The file meets all machine-verifiable PDF/UA requirements.,The file meets all machine-verifiable PDF/UA requirements.,3 colour contrast failures (1.4 Distinguishable),Adobe flagged color contrast for manual review. This typically indicates text/background contrast may not meet accessibility expectations.,Complete
42,Hsbc Commercial Card Factsheet,https://www.business.hsbc.uk/-/media/media/uk/pdfs/products/hsbc-commercial-card-factsheet.pdf,Complete,Complete,True,Pass,Pass,True,Fail,Fail,True,https://www.business.hsbc.uk/-/media/media/uk/pdfs/products/hsbc-commercial-card-factsheet.pdf,DIRECT_FILE_OK,FAIL,"At least one heading present, Adobe accessibility check, Colour contrast machine check, Reading order machine check",The file meets all machine-verifiable PDF/UA requirements.,The file meets all machine-verifiable PDF/UA requirements.,"3 colour contrast failures (1.4 Distinguishable)
",Adobe flagged color contrast for manual review. This typically indicates text/background contrast may not meet accessibility expectations.,Complete
43,Going Global For Growth Report Latest,https://www.business.hsbc.uk/-/media/media/uk/pdfs/campaigns/going-global-for-growth-report-latest.pdf,Blocked,Blocked,True,Fail,Fail,True,Fail,Fail,True,https://www.business.hsbc.uk/-/media/media/uk/pdfs/campaigns/going-global-for-growth-report-latest.pdf,DIRECT_FILE_OK,FAIL,"At least one heading present, Links use Link tag, Document title present, Tagged PDF present, Adobe accessibility check, Colour contrast machine check, Reading order machine check","Basic requirement for accessible PDFs not met!

The PDF does not contain an invisible structural layer in the form of tags and therefore does not meet the requirements for further accessibility testing.
You want us to create an accessible file from your PDF according to PDF/UA and WCAG? Then send your file to our axesService.","Basic requirement for accessible PDFs not met!

The PDF does not contain an invisible structural layer in the form of tags and therefore does not meet the requirements for further accessibility testing.",,Adobe flagged color contrast for manual review. This typically indicates text/background contrast may not meet accessibility expectations.,Complete
44,Doc Lc Application Form,https://www.business.hsbc.uk/-/media/media/uk/pdfs/solutions/doc-lc-application-form.pdf,Complete,Complete,True,Fail,Fail,True,Fail,Fail,True,https://www.business.hsbc.uk/-/media/media/uk/pdfs/solutions/doc-lc-application-form.pdf,DIRECT_FILE_OK,FAIL,"Figure alt text present, Form fields have tooltips, At least one heading present, Document title present, Adobe accessibility check, Colour contrast machine check, Reading order machine check","6 fonts not embedded
890 content items not properly tagged
109 structure elements using incorrect tag types + 16 warnings
1 structure tree warning
218 alternative descriptions missing
2 metadata failures
4 document settings failures",One or more form fields are missing /TU tooltips. | Document title metadata is missing. | Figure 1 is missing /Alt text. | Accessibility permission flag [PASS],"
218 missing alt text (1.1 Text Alternatives)
896 structure/tagging failures + 16 warnings (1.3 Adaptable)
100 colour contrast failures (1.4 Distinguishable)
5 navigation failures (2.4 Navigable)
109 compatibility failures + 1 warning (4.1 Compatible)",Adobe flagged color contrast for manual review. This typically indicates text/background contrast may not meet accessibility expectations.,Complete
45,Hbuk Ftd Additional Conditions,https://www.business.hsbc.uk/-/media/media/uk/pdfs/hbuk-ftd-additional-conditions.pdf,Complete,Complete,True,Pass,Pass,True,Pass,Fail,False,https://www.business.hsbc.uk/-/media/media/uk/pdfs/hbuk-ftd-additional-conditions.pdf,DIRECT_FILE_OK,FAIL,"At least one heading present, Adobe accessibility check, Colour contrast machine check, Reading order machine check",The file meets all machine-verifiable PDF/UA requirements.,The file meets all machine-verifiable PDF/UA requirements.,The file meets all machine-verifiable WCAG requirements (Level A and AA).,Adobe flagged color contrast for manual review. This typically indicates text/background contrast may not meet accessibility expectations.,Complete
46,Statement_Reconciliation_Smart_Form_And_Aged_Debt_Report_Guide,https://www.business.hsbc.uk/-/media/media/uk/pdfs/generic/gib-rf-iif/statement_reconciliation_smart_form_and_aged_debt_report_guide.pdf,Complete,Complete,True,Pass,Pass,True,Pass,Pass,True,https://www.business.hsbc.uk/-/media/media/uk/pdfs/generic/gib-rf-iif/statement_reconciliation_smart_form_and_aged_debt_report_guide.pdf,DIRECT_FILE_OK,FAIL,"At least one heading present, Adobe accessibility check, Colour contrast machine check, Reading order machine check",The file meets all machine-verifiable PDF/UA requirements.,The file meets all machine-verifiable PDF/UA requirements.,The file meets all machine-verifiable WCAG requirements (Level A and AA).,The file meets all machine-verifiable WCAG requirements (Level A and AA).,Complete
47,Hsbc Uk Forward Planning,https://www.business.hsbc.uk/-/media/media/uk/pdfs/campaigns/hsbc-uk-forward-planning.pdf,Blocked,Blocked,True,Fail,Fail,True,Fail,Fail,True,https://www.business.hsbc.uk/-/media/media/uk/pdfs/campaigns/hsbc-uk-forward-planning.pdf,DIRECT_FILE_OK,FAIL,"At least one heading present, Links use Link tag, Document title present, Tagged PDF present, Adobe accessibility check, Colour contrast machine check, Reading order machine check","Basic requirement for accessible PDFs not met!

The PDF does not contain an invisible structural layer in the form of tags and therefore does not meet the requirements for further accessibility testing.
You want us to create an accessible file from your PDF according to PDF/UA and WCAG? Then send your file to our axesService.","Basic requirement for accessible PDFs not met!

The PDF does not contain an invisible structural layer in the form of tags and therefore does not meet the requirements for further accessibility testing.",,Adobe flagged color contrast for manual review. This typically indicates text/background contrast may not meet accessibility expectations.,Complete
48,Customer Documentation Guide 12Dec19,https://www.business.hsbc.uk/-/media/media/uk/pdfs/campaigns/customer-documentation-guide-12dec19.pdf,Complete,Complete,True,Fail,Fail,True,Fail,Fail,True,https://www.business.hsbc.uk/-/media/media/uk/pdfs/campaigns/customer-documentation-guide-12dec19.pdf,DIRECT_FILE_OK,FAIL,"Figure alt text present, At least one heading present, Adobe accessibility check, Colour contrast machine check, Reading order machine check","2 fonts not embedded
54 structure elements using incorrect tag types
58 structure tree warnings
54 alternative descriptions missing + 1 warning
1 metadata failure",Figure 1 is missing /Alt text. | Accessibility permission flag [PASS],"54 missing alt text + 1 warning (1.1 Text Alternatives)
56 structure/tagging failures (1.3 Adaptable)
58 compatibility warnings (4.1 Compatible)",Adobe flagged color contrast for manual review. This typically indicates text/background contrast may not meet accessibility expectations.,Complete
49,Instant Advice,https://www.business.hsbc.uk/-/media/media/uk/pdfs/solutions/instant-advice.pdf?download=1,Complete,Complete,True,Pass,Pass,True,Pass,Pass,True,https://www.business.hsbc.uk/-/media/media/uk/pdfs/solutions/instant-advice.pdf?download=1,DIRECT_FILE_OK,FAIL,"Form fields have tooltips, At least one heading present, Adobe accessibility check, Colour contrast machine check, Reading order machine check",The file meets all machine-verifiable PDF/UA requirements.,The file meets all machine-verifiable PDF/UA requirements.,The file meets all machine-verifiable WCAG requirements (Level A and AA).,The file meets all machine-verifiable WCAG requirements (Level A and AA).,Complete
50,Product Guide Invoice Discounting,https://www.business.hsbc.uk/-/media/media/uk/pdfs/products/product-guide-invoice-discounting.pdf,Complete,Complete,True,Pass,Pass,True,Pass,Pass,True,https://www.business.hsbc.uk/-/media/media/uk/pdfs/products/product-guide-invoice-discounting.pdf,DIRECT_FILE_OK,FAIL,"At least one heading present, Adobe accessibility check, Colour contrast machine check, Reading order machine check",The file meets all machine-verifiable PDF/UA requirements.,The file meets all machine-verifiable PDF/UA requirements.,The file meets all machine-verifiable WCAG requirements (Level A and AA).,The file meets all machine-verifiable WCAG requirements (Level A and AA).,Complete
51,Hsbc Virtual Card Factsheet,https://www.business.hsbc.uk/-/media/media/uk/pdfs/products/hsbc-virtual-card-factsheet.pdf,Complete,Complete,True,Pass,Pass,True,Pass,Pass,True,https://www.business.hsbc.uk/-/media/media/uk/pdfs/products/hsbc-virtual-card-factsheet.pdf,DIRECT_FILE_OK,FAIL,"At least one heading present, Adobe accessibility check, Colour contrast machine check, Reading order machine check",The file meets all machine-verifiable PDF/UA requirements.,The file meets all machine-verifiable PDF/UA requirements.,The file meets all machine-verifiable WCAG requirements (Level A and AA).,The file meets all machine-verifiable WCAG requirements (Level A and AA).,Complete
52,Business Loan Direct Debit Mandate,https://www.business.hsbc.uk/-/media/library/business-uk/pdfs/business-loan-direct-debit-mandate.pdf,Blocked,Blocked,True,Partial,Fail,False,Partial,Fail,False,https://www.business.hsbc.uk/-/media/library/business-uk/pdfs/business-loan-direct-debit-mandate.pdf,DIRECT_FILE_OK,FAIL,"At least one heading present, Document title present, Tagged PDF present, Adobe accessibility check, Colour contrast machine check, Reading order machine check","Basic requirement for accessible PDFs not met!

The PDF does not contain an invisible structural layer in the form of tags and therefore does not meet the requirements for further accessibility testing.
You want us to create an accessible file from your PDF according to PDF/UA and WCAG? Then send your file to our axesService.","Basic requirement for accessible PDFs not met!

The PDF does not contain an invisible structural layer in the form of tags and therefore does not meet the requirements for further accessibility testing.",,Adobe flagged color contrast for manual review. This typically indicates text/background contrast may not meet accessibility expectations.,Complete
53,Aged Debtor Report Template,https://www.business.hsbc.uk/-/media/media/uk/pdfs/generic/gib-rf-iif/aged-debtor-report-template.xlsx,Blocked,Blocked,True,Fail,,False,Fail,Fail,True,https://www.business.hsbc.uk/-/media/media/uk/pdfs/generic/gib-rf-iif/aged-debtor-report-template.xlsx,REVIEW_REQUIRED,NEEDS_MANUAL_REVIEW,"Unexpected landing page, URL is expected file",XLS File,The source PDF could not be retrieved for accessibility testing.,XLS File,The source PDF resolved to a not-found or non-PDF destination.,Not Started
54,Collect Instruction,https://www.business.hsbc.uk/-/media/media/uk/pdfs/generic/gib-rf-iif/collect-instruction.pdf,Complete,Complete,True,Fail,Pass,False,Fail,Pass,False,https://www.business.hsbc.uk/-/media/media/uk/pdfs/generic/gib-rf-iif/collect-instruction.pdf,DIRECT_FILE_OK,FAIL,"At least one heading present, Adobe accessibility check, Colour contrast machine check, Reading order machine check",8 content items not properly tagged,The file meets all machine-verifiable PDF/UA requirements.,8 structure/tagging failures (1.3 Adaptable),The file meets all machine-verifiable WCAG requirements (Level A and AA).,Complete
55,Business Money Manager Community Savings Account,https://www.business.hsbc.uk/-/media/library/business-uk/pdfs/business-money-manager-community-savings-account.pdf,Complete,Complete,True,Pass,Pass,True,Pass,Fail,False,https://www.business.hsbc.uk/-/media/library/business-uk/pdfs/business-money-manager-community-savings-account.pdf,DIRECT_FILE_OK,FAIL,"At least one heading present, Adobe accessibility check, Colour contrast machine check, Reading order machine check",The file meets all machine-verifiable PDF/UA requirements.,The file meets all machine-verifiable PDF/UA requirements.,The file meets all machine-verifiable WCAG requirements (Level A and AA).,Adobe flagged color contrast for manual review. This typically indicates text/background contrast may not meet accessibility expectations.,Complete
56,Business Money Market Account Additional Condition,https://www.business.hsbc.uk/-/media/media/uk/pdfs/business-money-market-account-additional-condition.pdf,Complete,Complete,True,Pass,Pass,True,Pass,Fail,False,https://www.business.hsbc.uk/-/media/media/uk/PDFs/hbuk-ftd-additional-conditions.pdf,DIRECT_FILE_OK,FAIL,"At least one heading present, Adobe accessibility check, Colour contrast machine check, Reading order machine check",The file meets all machine-verifiable PDF/UA requirements.,The file meets all machine-verifiable PDF/UA requirements.,The file meets all machine-verifiable WCAG requirements (Level A and AA).,Adobe flagged color contrast for manual review. This typically indicates text/background contrast may not meet accessibility expectations.,Complete
57,Business Telephone Banking Additional Conditions,https://www.business.hsbc.uk/-/media/media/uk/pdfs/regulations/business-telephone-banking-additional-conditions.pdf,Complete,Complete,True,Partial,Pass,False,Partial,Fail,False,https://www.business.hsbc.uk/-/media/media/uk/pdfs/regulations/business-telephone-banking-additional-conditions.pdf,DIRECT_FILE_OK,FAIL,"At least one heading present, Adobe accessibility check, Colour contrast machine check, Reading order machine check","48 structure tree warnings
",The file meets all machine-verifiable PDF/UA requirements.,"48 structure tree warnings
",Adobe flagged color contrast for manual review. This typically indicates text/background contrast may not meet accessibility expectations.,Complete
58,Hsbc Current Account Switch Guide,https://www.business.hsbc.uk/-/media/media/uk/pdfs/products/hsbc-current-account-switch-guide.pdf,Complete,Complete,True,Fail,Fail,True,Fail,Fail,True,https://www.business.hsbc.uk/-/media/media/uk/pdfs/products/hsbc-current-account-switch-guide.pdf,DIRECT_FILE_OK,FAIL,"At least one heading present, Document title present, Adobe accessibility check, Colour contrast machine check, Reading order machine check","3 content items not properly tagged
2 metadata failures
1 document settings failure

",Document title metadata is missing. | Accessibility permission flag [PASS],"3 structure/tagging failures (1.3 Adaptable)
2 navigation failures (2.4 Navigable)",Adobe flagged color contrast for manual review. This typically indicates text/background contrast may not meet accessibility expectations.,Complete
59,State Recon Guide.Xls,https://www.business.hsbc.uk/-/media/media/uk/pdfs/generic/gib-rf-iif/state-recon-guide.xls,Blocked,Blocked,True,Partial,,False,Partial,Fail,False,https://www.business.hsbc.uk/-/media/media/uk/pdfs/generic/gib-rf-iif/state-recon-guide.xls,REVIEW_REQUIRED,NEEDS_MANUAL_REVIEW,"Unexpected landing page, URL is expected file",XLSx File,The source PDF could not be retrieved for accessibility testing.,XLS File,The source PDF resolved to a not-found or non-PDF destination.,Not Started
60,Asset Finance Product Guide 2024 Final,https://www.business.hsbc.uk/-/media/media/uk/pdfs/products/asset-finance-product-guide-2024-final.pdf,Complete,Complete,True,Fail,Fail,True,Fail,Fail,True,https://www.business.hsbc.uk/-/media/media/uk/pdfs/products/asset-finance-product-guide-2024-final.pdf,DIRECT_FILE_OK,FAIL,"Figure alt text present, At least one heading present, Document title present, Adobe accessibility check, Colour contrast machine check, Reading order machine check","38 content items not properly tagged
2 structure tree warnings
2 alternative description failures + 8 warnings
2 metadata failures
1 document settings failure",Document title metadata is missing. | Figure 1 is missing /Alt text. | Accessibility permission flag [PASS],"2 missing alt text + 8 warnings (1.1 Text Alternatives)
38 structure/tagging failures (1.3 Adaptable)
44 colour contrast failures (1.4 Distinguishable)
2 navigation failures (2.4 Navigable)
2 compatibility warnings (4.1 Compatible)",Adobe flagged color contrast for manual review. This typically indicates text/background contrast may not meet accessibility expectations.,Complete
61,Hsb Cmblit288 Wa,https://www.business.hsbc.uk/-/media/media/uk/pdfs/generic/hsb-cmblit288-wa.pdf,Complete,Complete,True,Pass,Pass,True,Pass,Pass,True,https://www.business.hsbc.uk/-/media/media/uk/pdfs/generic/hsb-cmblit288-wa.pdf,DIRECT_FILE_OK,FAIL,"At least one heading present, Adobe accessibility check, Colour contrast machine check, Reading order machine check",The file meets all machine-verifiable PDF/UA requirements.,The file meets all machine-verifiable PDF/UA requirements.,The file meets all machine-verifiable WCAG requirements (Level A and AA).,The file meets all machine-verifiable WCAG requirements (Level A and AA).,Complete
63,Receive Aus Factsheet Global Wallet V2,https://www.business.hsbc.uk/-/media/media/uk/pdfs/solutions/receive-aus-factsheet-global-wallet-v2.pdf?download=1,Blocked,Blocked,True,Partial,Fail,False,Partial,Fail,False,https://www.business.hsbc.uk/-/media/media/uk/pdfs/solutions/receive-aus-factsheet-global-wallet-v2.pdf?download=1,DIRECT_FILE_OK,FAIL,"At least one heading present, Links use Link tag, Document title present, Tagged PDF present, Adobe accessibility check, Colour contrast machine check, Reading order machine check","Basic requirement for accessible PDFs not met!

The PDF does not contain an invisible structural layer in the form of tags and therefore does not meet the requirements for further accessibility testing.
You want us to create an accessible file from your PDF according to PDF/UA and WCAG? Then send your file to our axesService.","Basic requirement for accessible PDFs not met!

The PDF does not contain an invisible structural layer in the form of tags and therefore does not meet the requirements for further accessibility testing.",,Adobe flagged color contrast for manual review. This typically indicates text/background contrast may not meet accessibility expectations.,Complete
64,Business Notice Account Additional Conditions,https://www.business.hsbc.uk/-/media/media/uk/pdfs/regulations/business-notice-account-additional-conditions.pdf,Complete,Complete,True,Pass,Pass,True,Pass,Pass,True,https://www.business.hsbc.uk/-/media/media/uk/pdfs/regulations/business-notice-account-additional-conditions.pdf,DIRECT_FILE_OK,FAIL,"At least one heading present, Adobe accessibility check, Colour contrast machine check, Reading order machine check","Basic requirement for accessible PDFs not met!

The PDF does not contain an invisible structural layer in the form of tags and therefore does not meet the requirements for further accessibility testing.
You want us to create an accessible file from your PDF according to PDF/UA and WCAG? Then send your file to our axesService.",The file meets all machine-verifiable PDF/UA requirements.,,The file meets all machine-verifiable WCAG requirements (Level A and AA).,Complete
65,business-notice-account-additional-conditions ( (Managing Service Guide ?),https://www.business.hsbc.uk/-/media/media/uk/pdfs/campaigns/managing-service-guide.pdf,Complete,Blocked,False,Pass,,False,Pass,Fail,False,https://www.business.hsbc.uk/notfound-404,SOFT_404,FAIL,"Unexpected landing page, URL is expected file, URL resolves",The file meets all machine-verifiable PDF/UA requirements.,The source PDF could not be retrieved for accessibility testing.,The file meets all machine-verifiable WCAG requirements (Level A and AA).,The source PDF resolved to a not-found or non-PDF destination.,Not Started
66,Business Banking Terms And Conditions,https://www.business.hsbc.uk/-/media/library/business-uk/pdfs/business-banking-terms-and-conditions.pdf,Complete,Complete,True,Fail,Pass,False,Fail,Pass,False,https://www.business.hsbc.uk/-/media/media/uk/PDFs/regulations/business-banking-terms-and-conditions.pdf,DIRECT_FILE_OK,FAIL,"At least one heading present, Adobe accessibility check, Colour contrast machine check, Reading order machine check","1 structure element using incorrect tag type
6 structure tree warnings
2 role mapping failures",The file meets all machine-verifiable PDF/UA requirements.,"2 structure/tagging failures (1.3 Adaptable)
5 colour contrast failures (1.4 Distinguishable)",The file meets all machine-verifiable WCAG requirements (Level A and AA).,Not Started
67,Invoice Discounting Brochure,https://www.business.hsbc.uk/-/media/media/uk/pdfs/products/invoice-discounting-brochure.pdf,Complete,Blocked,False,Partial,Fail,False,Partial,Fail,False,https://www.business.hsbc.uk/-/media/media/uk/pdfs/products/invoice-discounting-brochure.pdf,DIRECT_FILE_OK,FAIL,"At least one heading present, Links use Link tag, Document title present, Bookmarks present when required, Tagged PDF present, Adobe accessibility check, Colour contrast machine check, Reading order machine check","Basic requirement for accessible PDFs not met!

The PDF does not contain an invisible structural layer in the form of tags and therefore does not meet the requirements for further accessibility testing.
You want us to create an accessible file from your PDF according to PDF/UA and WCAG? Then send your file to our axesService.","Basic requirement for accessible PDFs not met!

The PDF does not contain an invisible structural layer in the form of tags and therefore does not meet the requirements for further accessibility testing.",,Adobe flagged color contrast for manual review. This typically indicates text/background contrast may not meet accessibility expectations.,Complete
68,Business Deposit Account,https://www.business.hsbc.uk/-/media/media/uk/pdfs/generic/business-deposit-account.pdf,Complete,Complete,True,Pass,Pass,True,Pass,Pass,True,https://www.business.hsbc.uk/-/media/media/uk/pdfs/generic/business-deposit-account.pdf,DIRECT_FILE_OK,FAIL,"At least one heading present, Adobe accessibility check, Colour contrast machine check, Reading order machine check",The file meets all machine-verifiable PDF/UA requirements.,The file meets all machine-verifiable PDF/UA requirements.,The file meets all machine-verifiable WCAG requirements (Level A and AA).,The file meets all machine-verifiable WCAG requirements (Level A and AA).,Not Started
69,Rfb1085 Financial Services Compensation Scheme Information Sheet,https://www.business.hsbc.uk/-/media/media/uk/pdfs/generic/rfb1085-financial-services-compensation-scheme-information-sheet.pdf,Complete,Complete,True,Pass,Pass,True,Pass,Pass,True,https://www.business.hsbc.uk/-/media/media/uk/pdfs/generic/rfb1085-financial-services-compensation-scheme-information-sheet.pdf,DIRECT_FILE_OK,FAIL,"At least one heading present, Adobe accessibility check, Colour contrast machine check, Reading order machine check",The file meets all machine-verifiable PDF/UA requirements.,The file meets all machine-verifiable PDF/UA requirements.,The file meets all machine-verifiable WCAG requirements (Level A and AA).,The file meets all machine-verifiable WCAG requirements (Level A and AA).,Not Started
70,Business Money Manager Additional Conditions,https://www.business.hsbc.uk/-/media/media/uk/pdfs/products/business-money-manager-additional-conditions.pdf,Complete,Complete,True,Pass,Pass,True,Pass,Pass,True,https://www.business.hsbc.uk/-/media/library/business-uk/pdfs/business-money-manager-community-savings-account.pdf,DIRECT_FILE_OK,FAIL,"At least one heading present, Adobe accessibility check, Colour contrast machine check, Reading order machine check",The file meets all machine-verifiable PDF/UA requirements.,The file meets all machine-verifiable PDF/UA requirements.,The file meets all machine-verifiable WCAG requirements (Level A and AA).,The file meets all machine-verifiable WCAG requirements (Level A and AA).,Not Started
71,Receive Aus Factsheet Global Wallet,https://www.business.hsbc.uk/-/media/media/uk/pdfs/solutions/receive-aus-factsheet-global-wallet.pdf,Blocked,Blocked,True,Partial,Fail,False,Partial,Pass,False,https://www.business.hsbc.uk/-/media/media/uk/pdfs/solutions/receive-aus-factsheet-global-wallet.pdf,DIRECT_FILE_OK,FAIL,"At least one heading present, Links use Link tag, Document title present, Tagged PDF present, Adobe accessibility check, Colour contrast machine check, Reading order machine check","Basic requirement for accessible PDFs not met!

The PDF does not contain an invisible structural layer in the form of tags and therefore does not meet the requirements for further accessibility testing.
You want us to create an accessible file from your PDF according to PDF/UA and WCAG? Then send your file to our axesService.","Basic requirement for accessible PDFs not met!

The PDF does not contain an invisible structural layer in the form of tags and therefore does not meet the requirements for further accessibility testing.",,The file meets all machine-verifiable WCAG requirements (Level A and AA).,Not Started
72,Business Money Manager,https://www.business.hsbc.uk/-/media/media/uk/pdfs/regulations/business-money-manager.pdf,Complete,Complete,True,Pass,Pass,True,Pass,Pass,True,https://www.business.hsbc.uk/-/media/media/uk/pdfs/regulations/business-money-manager.pdf,DIRECT_FILE_OK,FAIL,"At least one heading present, Adobe accessibility check, Colour contrast machine check, Reading order machine check",The file meets all machine-verifiable PDF/UA requirements.,The file meets all machine-verifiable PDF/UA requirements.,The file meets all machine-verifiable WCAG requirements (Level A and AA).,The file meets all machine-verifiable WCAG requirements (Level A and AA).,Not Started
73,Business Money Market Account Additional Condition,https://www.business.hsbc.uk/-/media/library/business-uk/pdfs/business-money-market-account-additional-condition.pdf,Complete,Complete,True,Pass,Pass,True,Pass,Pass,True,https://www.business.hsbc.uk/-/media/media/uk/PDFs/hbuk-ftd-additional-conditions.pdf,DIRECT_FILE_OK,FAIL,"At least one heading present, Adobe accessibility check, Colour contrast machine check, Reading order machine check",The file meets all machine-verifiable PDF/UA requirements.,The file meets all machine-verifiable PDF/UA requirements.,The file meets all machine-verifiable WCAG requirements (Level A and AA).,The file meets all machine-verifiable WCAG requirements (Level A and AA).,Not Started
74,Additional Partners Trustees Executors Administrators Of Deceased Estates,https://www.business.hsbc.uk/-/media/media/uk/pdfs/common/additional-partners-trustees-executors-administrators-of-deceased-estates.pdf,Complete,Complete,True,Pass,Pass,True,Pass,Pass,True,https://www.business.hsbc.uk/-/media/media/uk/pdfs/common/additional-partners-trustees-executors-administrators-of-deceased-estates.pdf,DIRECT_FILE_OK,FAIL,"Form fields have tooltips, At least one heading present, Adobe accessibility check, Colour contrast machine check, Reading order machine check",The file meets all machine-verifiable PDF/UA requirements.,The file meets all machine-verifiable PDF/UA requirements.,The file meets all machine-verifiable WCAG requirements (Level A and AA).,The file meets all machine-verifiable WCAG requirements (Level A and AA).,Not Started
75,Clients Deposit Account,https://www.business.hsbc.uk/-/media/media/uk/pdfs/regulations/clients-deposit-account.pdf,Complete,Complete,True,Pass,Pass,True,Pass,Pass,True,https://www.business.hsbc.uk/-/media/media/uk/pdfs/regulations/clients-deposit-account.pdf,DIRECT_FILE_OK,FAIL,"At least one heading present, Adobe accessibility check, Colour contrast machine check, Reading order machine check",The file meets all machine-verifiable PDF/UA requirements.,The file meets all machine-verifiable PDF/UA requirements.,The file meets all machine-verifiable WCAG requirements (Level A and AA).,The file meets all machine-verifiable WCAG requirements (Level A and AA).,Not Started
76,Standard Trade Terms,https://www.business.hsbc.uk/-/media/media/uk/pdfs/solutions/standard-trade-terms.pdf?download=1,Complete,Blocked,False,Fail,,False,Fail,Fail,True,https://www.business.hsbc.uk/-/media/media/uk/pdfs/solutions/standard-trade-terms.pdf?download=1,REQUEST_ERROR,FAIL,"URL is expected file, URL resolves","857 content items not properly tagged
75 structure elements using incorrect tag types
5 structure tree failures + 1 warning
71 alternative description warnings
2 metadata failures
1 document settings failure
",The source PDF could not be retrieved for accessibility testing.,"71 alt text warnings (1.1 Text Alternatives)
857 structure/tagging failures (1.3 Adaptable)
2 navigation failures (2.4 Navigable)",The source PDF resolved to a not-found or non-PDF destination.,Not Started
77,Demand Guarantees And Sblc Mar 22 Ac59191,https://www.business.hsbc.uk/-/media/media/uk/pdfs/products/demand-guarantees-and-sblc-mar-22-ac59191.pdf,Complete,Complete,True,Pass,Pass,True,Pass,Pass,True,https://www.business.hsbc.uk/-/media/media/uk/pdfs/products/demand-guarantees-and-sblc-mar-22-ac59191.pdf,DIRECT_FILE_OK,FAIL,"At least one heading present, Adobe accessibility check, Colour contrast machine check, Reading order machine check",The file meets all machine-verifiable PDF/UA requirements.,The file meets all machine-verifiable PDF/UA requirements.,The file meets all machine-verifiable WCAG requirements (Level A and AA).,The file meets all machine-verifiable WCAG requirements (Level A and AA).,Not Started
78,Tradepay Factsheet,https://www.business.hsbc.uk/-/media/media/uk/pdfs/products/tradepay-factsheet.pdf,Complete,Complete,True,Fail,Fail,True,Fail,Fail,True,https://www.business.hsbc.uk/-/media/media/uk/pdfs/products/tradepay-factsheet.pdf,DIRECT_FILE_OK,FAIL,"Figure alt text present, Extractable text present, Adobe accessibility check, Colour contrast machine check, Reading order machine check","15 structure elements using incorrect tag types
16 structure tree warnings
15 alternative descriptions missing
1 metadata failure",Figure 1 is missing /Alt text. | Accessibility permission flag [PASS],"15 missing alt text (1.1 Text Alternatives)
15 structure/tagging failures (1.3 Adaptable)
16 compatibility warnings (4.1 Compatible)",Adobe flagged color contrast for manual review. This typically indicates text/background contrast may not meet accessibility expectations.,Complete
79,Hsbc Purchasing Card Factsheet,https://www.business.hsbc.uk/-/media/media/uk/pdfs/products/hsbc-purchasing-card-factsheet.pdf,Complete,Complete,True,Pass,Pass,True,Pass,Pass,True,https://www.business.hsbc.uk/-/media/media/uk/pdfs/products/hsbc-purchasing-card-factsheet.pdf,DIRECT_FILE_OK,FAIL,"At least one heading present, Adobe accessibility check, Colour contrast machine check, Reading order machine check",The file meets all machine-verifiable PDF/UA requirements.,The file meets all machine-verifiable PDF/UA requirements.,The file meets all machine-verifiable WCAG requirements (Level A and AA).,The file meets all machine-verifiable WCAG requirements (Level A and AA).,Not Started
80,Corporate Card Conditions Of Use,https://www.business.hsbc.uk/-/media/media/uk/pdfs/products/corporate-card-conditions-of-use.pdf,Complete,Complete,True,Pass,Pass,True,Pass,Pass,True,https://www.business.hsbc.uk/-/media/media/uk/pdfs/products/corporate-card-conditions-of-use.pdf,DIRECT_FILE_OK,FAIL,"At least one heading present, Adobe accessibility check, Colour contrast machine check, Reading order machine check",The file meets all machine-verifiable PDF/UA requirements.,The file meets all machine-verifiable PDF/UA requirements.,The file meets all machine-verifiable WCAG requirements (Level A and AA).,The file meets all machine-verifiable WCAG requirements (Level A and AA).,Not Started
81,Hsbc Briefing Law Firm Strategy And Investment Survey 2025,https://www.business.hsbc.uk/-/media/media/uk/pdfs/campaigns/hsbc-briefing-law-firm-strategy-and-investment-survey-2025.pdf,Blocked,Blocked,True,Partial,Fail,False,Partial,Fail,False,https://www.business.hsbc.uk/-/media/media/uk/pdfs/campaigns/hsbc-briefing-law-firm-strategy-and-investment-survey-2025.pdf,DIRECT_FILE_OK,FAIL,"At least one heading present, Document title present, Bookmarks present when required, Tagged PDF present, TOC present for general documents, Adobe accessibility check, Colour contrast machine check, Reading order machine check","Basic requirement for accessible PDFs not met!

The PDF does not contain an invisible structural layer in the form of tags and therefore does not meet the requirements for further accessibility testing.
You want us to create an accessible file from your PDF according to PDF/UA and WCAG? Then send your file to our axesService.","Basic requirement for accessible PDFs not met!

The PDF does not contain an invisible structural layer in the form of tags and therefore does not meet the requirements for further accessibility testing.",,Adobe flagged color contrast for manual review. This typically indicates text/background contrast may not meet accessibility expectations.,Complete
82,Debt Purchase Tc,https://www.business.hsbc.uk/-/media/media/uk/pdfs/products/debt-purchase-tc.pdf,Complete,Complete,True,Pass,Pass,True,Fail,Fail,True,https://www.business.hsbc.uk/-/media/media/uk/pdfs/products/debt-purchase-tc.pdf,DIRECT_FILE_OK,FAIL,"At least one heading present, Adobe accessibility check, Colour contrast machine check, Reading order machine check",The file meets all machine-verifiable PDF/UA requirements.,The file meets all machine-verifiable PDF/UA requirements.,7 colour contrast failures (1.4 Distinguishable),Adobe flagged color contrast for manual review. This typically indicates text/background contrast may not meet accessibility expectations.,Complete
83,Hsbc Uk Esg Directory,https://www.business.hsbc.uk/-/media/media/uk/pdfs/solutions/hsbc-uk-esg-directory.pdf,Complete,Complete,True,Fail,Pass,False,Fail,Pass,False,https://www.business.hsbc.uk/-/media/media/uk/pdfs/solutions/hsbc-uk-esg-directory.pdf,DIRECT_FILE_OK,FAIL,"At least one heading present, Adobe accessibility check, Colour contrast machine check, Reading order machine check","491 content items not properly tagged
336 structure tree warnings
273 alternative description warnings
1 metadata failure",The file meets all machine-verifiable PDF/UA requirements.,"273 alt text warnings (1.1 Text Alternatives)
491 structure/tagging failures (1.3 Adaptable)
13 colour contrast failures (1.4 Distinguishable)
336 compatibility warnings (4.1 Compatible)",The file meets all machine-verifiable WCAG requirements (Level A and AA).,Complete
84,Global Wallet Additional Conditions,https://www.business.hsbc.uk/-/media/library/business-uk/pdfs/global-wallet-additional-conditions.pdf,Complete,Complete,True,Pass,Pass,True,Pass,Fail,False,https://www.business.hsbc.uk/-/media/library/business-uk/pdfs/global-wallet-additional-conditions.pdf,DIRECT_FILE_OK,FAIL,"At least one heading present, Adobe accessibility check, Colour contrast machine check, Reading order machine check",The file meets all machine-verifiable PDF/UA requirements.,The file meets all machine-verifiable PDF/UA requirements.,The file meets all machine-verifiable WCAG requirements (Level A and AA).,Adobe flagged color contrast for manual review. This typically indicates text/background contrast may not meet accessibility expectations.,Complete
85,Receivables Finance Brochure,https://www.business.hsbc.uk/-/media/media/uk/pdfs/products/receivables-finance-brochure.pdf?download=1,404.0,Blocked,False,Fail,,False,Fail,Fail,True,https://www.business.hsbc.uk/notfound-404,SOFT_404,FAIL,"Unexpected landing page, URL is expected file, URL resolves",404 - PDF doenst exist,The source PDF could not be retrieved for accessibility testing.,404 - PDF doenst exist,The source PDF resolved to a not-found or non-PDF destination.,Not Started
86,Ids Reconciliation Difference Guide,https://www.business.hsbc.uk/-/media/media/uk/pdfs/generic/gib-rf-iif/ids-reconciliation-difference-guide.pdf,Complete,Complete,True,Pass,Pass,True,Pass,Pass,True,https://www.business.hsbc.uk/-/media/media/uk/pdfs/generic/gib-rf-iif/ids-reconciliation-difference-guide.pdf,DIRECT_FILE_OK,FAIL,"At least one heading present, Adobe accessibility check, Colour contrast machine check, Reading order machine check",The file meets all machine-verifiable PDF/UA requirements.,The file meets all machine-verifiable PDF/UA requirements.,The file meets all machine-verifiable WCAG requirements (Level A and AA).,The file meets all machine-verifiable WCAG requirements (Level A and AA).,Complete
87,1007817 Business Plan Template.Docx,https://www.business.hsbc.uk/-/media/media/uk/pdfs/1007817-business-plan-template.docx,Complete,Blocked,False,Fail,,False,Fail,Fail,True,https://www.business.hsbc.uk/-/media/media/uk/pdfs/1007817-business-plan-template.docx,REVIEW_REQUIRED,NEEDS_MANUAL_REVIEW,"Unexpected landing page, URL is expected file","1 ISO 32000-1 failure
5 content items not properly tagged
56 natural language failures
46 structure elements using incorrect tag types
38 structure tree warnings
3 metadata failures
1 document settings failure
",The source PDF could not be retrieved for accessibility testing.,"43 structure/tagging failures (1.3 Adaptable)
3 navigation failures (2.4 Navigable)
56 language failures (3.1 Readable)
1 compatibility failure + 38 warnings (4.1 Compatible)",The source PDF resolved to a not-found or non-PDF destination.,Not Started
88,Company Card Terms And Conditions,https://www.business.hsbc.uk/-/media/library/business-uk/pdfs/company-card-terms-and-conditions.pdf,Complete,Complete,True,Pass,Pass,True,Pass,Fail,False,https://www.business.hsbc.uk/-/media/library/business-uk/pdfs/company-card-terms-and-conditions.pdf,DIRECT_FILE_OK,FAIL,"At least one heading present, Adobe accessibility check, Colour contrast machine check, Reading order machine check",The file meets all machine-verifiable PDF/UA requirements.,The file meets all machine-verifiable PDF/UA requirements.,The file meets all machine-verifiable WCAG requirements (Level A and AA).,Adobe flagged color contrast for manual review. This typically indicates text/background contrast may not meet accessibility expectations.,Complete
89,Documentary Credit,https://www.business.hsbc.uk/-/media/media/uk/pdfs/solutions/documentary-credit.pdf,Complete,Complete,True,Pass,Pass,True,Pass,Pass,True,https://www.business.hsbc.uk/-/media/media/uk/pdfs/solutions/documentary-credit.pdf,DIRECT_FILE_OK,FAIL,"At least one heading present, Adobe accessibility check, Colour contrast machine check, Reading order machine check",The file meets all machine-verifiable PDF/UA requirements.,The file meets all machine-verifiable PDF/UA requirements.,The file meets all machine-verifiable WCAG requirements (Level A and AA).,The file meets all machine-verifiable WCAG requirements (Level A and AA).,Complete
90,Uk Corporate Tracker,https://www.business.hsbc.uk/-/media/media/uk/pdfs/article/uk-corporate-tracker.pdf,Complete,Blocked,False,Fail,Fail,True,Fail,Fail,True,https://www.business.hsbc.uk/-/media/media/uk/pdfs/article/uk-corporate-tracker.pdf,DIRECT_FILE_OK,FAIL,"At least one heading present, Document language present, Document title present, Tagged PDF present, Adobe accessibility check, Colour contrast machine check, Reading order machine check","Basic requirement for accessible PDFs not met!

The PDF does not contain an invisible structural layer in the form of tags and therefore does not meet the requirements for further accessibility testing.
You want us to create an accessible file from your PDF according to PDF/UA and WCAG? Then send your file to our axesService.","Basic requirement for accessible PDFs not met!

The PDF does not contain an invisible structural layer in the form of tags and therefore does not meet the requirements for further accessibility testing.",,Adobe flagged color contrast for manual review. This typically indicates text/background contrast may not meet accessibility expectations.,Complete
91,Cpp Request,https://www.business.hsbc.uk/-/media/media/uk/pdfs/generic/gib-rf-iif/cpp-request.pdf,Complete,Complete,True,Fail,Pass,False,Fail,Pass,False,https://www.business.hsbc.uk/-/media/media/uk/pdfs/generic/gib-rf-iif/cpp-request.pdf,DIRECT_FILE_OK,FAIL,"At least one heading present, Adobe accessibility check, Colour contrast machine check, Reading order machine check",5 content failures (Content items not properly tagged),The file meets all machine-verifiable PDF/UA requirements.,5 structure/tagging failures (1.3 Adaptable),The file meets all machine-verifiable WCAG requirements (Level A and AA).,Complete
92,General Terms Conditions,https://www.business.hsbc.uk/-/media/media/uk/pdfs/products/general-terms-conditions.pdf,Complete,Complete,True,Pass,Pass,True,Pass,Pass,True,https://www.business.hsbc.uk/-/media/media/uk/pdfs/products/general-terms-conditions.pdf,DIRECT_FILE_OK,FAIL,"At least one heading present, Adobe accessibility check, Colour contrast machine check, Reading order machine check",The file meets all machine-verifiable PDF/UA requirements.,The file meets all machine-verifiable PDF/UA requirements.,The file meets all machine-verifiable WCAG requirements (Level A and AA).,The file meets all machine-verifiable WCAG requirements (Level A and AA).,Complete
93,Lending Terms And Conditions,https://www.business.hsbc.uk/-/media/library/business-uk/pdfs/lending-terms-and-conditions.pdf,Blocked,Blocked,True,Partial,Fail,False,Partial,Fail,False,https://www.business.hsbc.uk/-/media/library/business-uk/pdfs/lending-terms-and-conditions.pdf,DIRECT_FILE_OK,FAIL,"At least one heading present, Links use Link tag, Document title present, Bookmarks present when required, Tagged PDF present, TOC present for general documents, Adobe accessibility check, Colour contrast machine check, Reading order machine check","Basic requirement for accessible PDFs not met!

The PDF does not contain an invisible structural layer in the form of tags and therefore does not meet the requirements for further accessibility testing.
You want us to create an accessible file from your PDF according to PDF/UA and WCAG? Then send your file to our axesService.","Basic requirement for accessible PDFs not met!

The PDF does not contain an invisible structural layer in the form of tags and therefore does not meet the requirements for further accessibility testing.",,Adobe flagged color contrast for manual review. This typically indicates text/background contrast may not meet accessibility expectations.,Complete
94,Request To Amend A Letter Of Credit,https://www.business.hsbc.uk/-/media/media/uk/pdfs/solutions/request-to-amend-a-letter-of-credit.pdf,Complete,Complete,True,Fail,Fail,True,Fail,Fail,True,https://www.business.hsbc.uk/-/media/media/uk/pdfs/solutions/request-to-amend-a-letter-of-credit.pdf,DIRECT_FILE_OK,FAIL,"Figure alt text present, Form fields have tooltips, At least one heading present, Lists use L tag, Document title present, Adobe accessibility check, Colour contrast machine check, Reading order machine check","6 font failures
284 content failures (content items not properly tagged)
44 structure element failures + 10 warnings
1 structure tree warning
102 alternative description failures
2 metadata failures
3 document settings failures",One or more form fields are missing /TU tooltips. | Document title metadata is missing. | List items are missing /Lbl or /LBody tags. | Figure 1 is missing /Alt text.,"353 structure/tagging failures + 10 warnings (1.3 Adaptable + 1.4 Distinguishable + 1.1 Text Alternatives)
4 navigation failures (2.4 Navigable)
44 compatibility failures + 1 warning (4.1 Compatible)",Adobe flagged color contrast for manual review. This typically indicates text/background contrast may not meet accessibility expectations.,Complete
95,Receivables Finance Brochure,https://www.business.hsbc.uk/-/media/media/uk/pdfs/generic/gib-rf-iif/receivables-finance-brochure.pdf,Blocked,Blocked,True,Fail,,False,Fail,Fail,True,https://www.business.hsbc.uk/notfound-404,SOFT_404,FAIL,"Unexpected landing page, URL is expected file, URL resolves",404 - PDF doenst exist,The source PDF could not be retrieved for accessibility testing.,404 - PDF doenst exist,The source PDF resolved to a not-found or non-PDF destination.,Not Started
96,Summary Box Business Notice Account,https://www.business.hsbc.uk/-/media/media/uk/pdfs/regulations/summary-box-business-notice-account.pdf,Complete,Complete,True,Pass,Pass,True,Pass,Fail,False,https://www.business.hsbc.uk/-/media/media/uk/pdfs/regulations/summary-box-business-notice-account.pdf,DIRECT_FILE_OK,FAIL,"At least one heading present, Adobe accessibility check, Colour contrast machine check, Reading order machine check",The file meets all machine-verifiable PDF/UA requirements.,The file meets all machine-verifiable PDF/UA requirements.,The file meets all machine-verifiable WCAG requirements (Level A and AA).,Adobe flagged color contrast for manual review. This typically indicates text/background contrast may not meet accessibility expectations.,Complete
97,Websigner Faqs,https://www.business.hsbc.uk/-/media/media/uk/pdfs/products/websigner-faqs.pdf,Complete,Complete,True,Pass,Pass,True,Fail,Pass,False,https://www.business.hsbc.uk/-/media/media/uk/pdfs/products/websigner-faqs.pdf,DIRECT_FILE_OK,FAIL,"At least one heading present, Adobe accessibility check, Colour contrast machine check, Reading order machine check",The file meets all machine-verifiable PDF/UA requirements.,The file meets all machine-verifiable PDF/UA requirements.,1.4 Distinguishable — 11 failures (under 1 Perceivable),The file meets all machine-verifiable WCAG requirements (Level A and AA).,Complete
98,Business Money Manager Summary Sheet,https://www.business.hsbc.uk/-/media/library/business-uk/pdfs/business-money-manager-summary-sheet.pdf,Complete,Complete,True,Pass,Pass,True,Pass,Fail,False,https://www.business.hsbc.uk/-/media/media/uk/pdfs/regulations/business-money-manager.pdf,DIRECT_FILE_OK,FAIL,"At least one heading present, Adobe accessibility check, Colour contrast machine check, Reading order machine check",The file meets all machine-verifiable PDF/UA requirements.,The file meets all machine-verifiable PDF/UA requirements.,The file meets all machine-verifiable WCAG requirements (Level A and AA).,Adobe flagged color contrast for manual review. This typically indicates text/background contrast may not meet accessibility expectations.,Complete
99,Hsbc Uk Corporate Tracker Insights Paper,https://www.business.hsbc.uk/-/media/media/uk/pdfs/article/hsbc-uk-corporate-tracker-insights-paper.pdf,Blocked,Blocked,True,Partial,Fail,False,Partial,Fail,False,https://www.business.hsbc.uk/-/media/media/uk/pdfs/article/hsbc-uk-corporate-tracker-insights-paper.pdf,DIRECT_FILE_OK,FAIL,"At least one heading present, Links use Link tag, Document title present, Bookmarks present when required, Tagged PDF present, TOC present for general documents, Adobe accessibility check, Colour contrast machine check, Reading order machine check","Basic requirement for accessible PDFs not met!

The PDF does not contain an invisible structural layer in the form of tags and therefore does not meet the requirements for further accessibility testing.
You want us to create an accessible file from your PDF according to PDF/UA and WCAG? Then send your file to our axesService.","Basic requirement for accessible PDFs not met!

The PDF does not contain an invisible structural layer in the form of tags and therefore does not meet the requirements for further accessibility testing.",,Adobe flagged color contrast for manual review. This typically indicates text/background contrast may not meet accessibility expectations.,Complete
100,Applying To Borrow,https://www.business.hsbc.uk/-/media/media/uk/pdfs/campaigns/applying-to-borrow.pdf,Blocked,Blocked,True,Partial,Fail,False,Partial,Fail,False,https://www.business.hsbc.uk/-/media/media/uk/pdfs/campaigns/applying-to-borrow.pdf,DIRECT_FILE_OK,FAIL,"At least one heading present, Document title present, Tagged PDF present, Adobe accessibility check, Colour contrast machine check, Reading order machine check","Basic requirement for accessible PDFs not met!

The PDF does not contain an invisible structural layer in the form of tags and therefore does not meet the requirements for further accessibility testing.
You want us to create an accessible file from your PDF according to PDF/UA and WCAG? Then send your file to our axesService.","Basic requirement for accessible PDFs not met!

The PDF does not contain an invisible structural layer in the form of tags and therefore does not meet the requirements for further accessibility testing.",,Adobe flagged color contrast for manual review. This typically indicates text/background contrast may not meet accessibility expectations.,Complete
101,Notification Of Debts Form,https://www.business.hsbc.uk/-/media/media/uk/pdfs/generic/gib-rf-iif/notification-of-debts-form.pdf,Complete,Complete,True,Fail,Pass,False,Fail,Fail,True,https://www.business.hsbc.uk/-/media/media/uk/pdfs/generic/gib-rf-iif/notification-of-debts-form.pdf,DIRECT_FILE_OK,FAIL,"At least one heading present, Adobe accessibility check, Colour contrast machine check, Reading order machine check","7 content items not properly tagged
2 structure tree warnings",The file meets all machine-verifiable PDF/UA requirements.,"7 structure/tagging failures (1.3 Adaptable)
2 compatibility warnings (4.1 Compatible)",Adobe flagged color contrast for manual review. This typically indicates text/background contrast may not meet accessibility expectations.,Complete
102,Takeover Fraud Infographics,https://www.business.hsbc.uk/-/media/media/uk/pdfs/campaigns/takeover-fraud-infographics.pdf,Complete,Complete,True,Pass,Pass,True,Pass,Pass,True,https://www.business.hsbc.uk/-/media/media/uk/pdfs/campaigns/takeover-fraud-infographics.pdf,DIRECT_FILE_OK,FAIL,"At least one heading present, Adobe accessibility check, Colour contrast machine check, Reading order machine check",The file meets all machine-verifiable PDF/UA requirements.,The file meets all machine-verifiable PDF/UA requirements.,The file meets all machine-verifiable WCAG requirements (Level A and AA).,The file meets all machine-verifiable WCAG requirements (Level A and AA).,Complete
103,Instant Advice,https://www.business.hsbc.uk/-/media/media/uk/pdfs/solutions/instant-advice.pdf,Complete,Complete,True,Pass,Pass,True,Pass,Pass,True,https://www.business.hsbc.uk/-/media/media/uk/pdfs/solutions/instant-advice.pdf,DIRECT_FILE_OK,FAIL,"Form fields have tooltips, At least one heading present, Adobe accessibility check, Colour contrast machine check, Reading order machine check",The file meets all machine-verifiable PDF/UA requirements.,The file meets all machine-verifiable PDF/UA requirements.,The file meets all machine-verifiable WCAG requirements (Level A and AA).,The file meets all machine-verifiable WCAG requirements (Level A and AA).,Complete
